over_Gene_ID	KOFAM
over_UHM102.10840__k141_51827_1	K18555
over_UHM102.35765__k141_52422_32	K01845
over_UHM102.35765__k141_81533_62	K00789
over_UHM102.35765__k141_133926_162	K00812
over_UHM102.35765__k141_10226_46	K09013
over_UHM102.35765__k141_1625_4	K08194
over_UHM102.35765__k141_110662_189	K00262
over_UHM102.35765__k141_139535_60	K02014
over_UHM102.35765__k141_139535_60	K16090
over_UHM102.35765__k141_72827_12	K11690
over_UHM102.35765__k141_148405_88	K07003
over_UHM102.35765__k141_148405_216	K00457
over_UHM102.35765__k141_58495_120	K06041
over_UHM102.35765__k141_59197_6	NA
over_UHM102.35765__k141_25837_216	NA
over_UHM102.35765__k141_69425_94	K07137
over_UHM102.35765__k141_69425_222	NA
over_UHM102.35765__k141_149437_259	NA
over_UHM102.35765__k141_45535_7	NA
over_UHM102.35765__k141_52000_453	NA
over_UHM102.35765__k141_150784_167	NA
over_UHM102.35765__k141_150784_199	NA
over_UHM102.35765__k141_85146_2	K03076
over_UHM102.35765__k141_13700_5	K03798
over_UHM102.35765__k141_18345_48	NA
over_UHM102.35766__k141_118650_4	K14441
over_UHM102.35766__k141_102653_15	K01689
over_UHM102.35766__k141_65176_2	K00648
over_UHM102.35766__k141_37989_21	K11942
over_UHM102.35766__k141_102764_283	NA
over_UHM102.35766__k141_140660_5	K00790
over_UHM102.35766__k141_102851_55	K00134
over_UHM102.35766__k141_162765_165	K01961
over_UHM102.35766__k141_162765_293	K03561
over_UHM102.35766__k141_152338_6	K03424
over_UHM102.35766__k141_120935_44	K03475
over_UHM102.35766__k141_23458_181	K01696
over_UHM102.35766__k141_142113_3	K02687
over_UHM102.35766__k141_147716_3	K09014
over_UHM102.35766__k141_13401_10	K07456
over_UHM102.35766__k141_51493_4	NA
over_UHM102.35766__k141_105023_139	NA
over_UHM102.35766__k141_14013_35	K01251
over_UHM102.35766__k141_51846_6	NA
over_UHM102.35766__k141_171374_348	K00162
over_UHM102.35766__k141_132696_2	K19172
over_UHM102.35766__k141_14440_2	K11616
over_UHM102.35766__k141_4350_8	K01589
over_UHM102.35766__k141_89802_9	K01703
over_UHM102.35766__k141_69635_4	NA
over_UHM102.35766__k141_165686_12	K00500
over_UHM102.35766__k141_57977_129	K03644
over_UHM102.35766__k141_25241_65	K00549
over_UHM102.35766__k141_58684_157	K01867
over_UHM102.35767__k141_54123_3	NA
over_UHM125.35768__k141_74960_7	NA
over_UHM125.35768__k141_74960_103	K09476
over_UHM125.35768__k141_50463_5	K07452
over_UHM125.35768__k141_110972_45	NA
over_UHM125.35768__k141_105282_15	K07700
over_UHM125.35768__k141_125886_3	NA
over_UHM125.35768__k141_76701_41	K01595
over_UHM125.35768__k141_82067_7	K01406
over_UHM125.35768__k141_22597_5	K02013
over_UHM125.35768__k141_19096_7	NA
over_UHM125.35768__k141_113813_42	NA
over_UHM125.35769__k141_151911_59	K03286
over_UHM125.35769__k141_53744_11	K02014
over_UHM125.35769__k141_152066_17	K13735
over_UHM125.35769__k141_232756_19	NA
over_UHM125.35769__k141_277499_38	K12972
over_UHM125.35769__k141_72414_22	K01999
over_UHM125.35769__k141_27890_107	NA
over_UHM125.35769__k141_269584_46	NA
over_UHM125.35769__k141_1530_9	NA
over_UHM125.35769__k141_188580_6	NA
over_UHM125.35769__k141_270416_7	NA
over_UHM125.35769__k141_189741_59	K02510
over_UHM125.35769__k141_226529_15	K07347
over_UHM125.35769__k141_191516_19	NA
over_UHM125.35769__k141_210239_87	NA
over_UHM125.35769__k141_246607_32	K03329
over_UHM125.35769__k141_148761_2	K02674
over_UHM125.35770__k141_303325_14	NA
over_UHM125.35770__k141_303450_17	NA
over_UHM125.35770__k141_151934_71	NA
over_UHM125.35770__k141_203293_80	NA
over_UHM125.35770__k141_152892_25	K21007
over_UHM125.35770__k141_274401_21	NA
over_UHM125.35770__k141_295268_16	NA
over_UHM125.35770__k141_234079_1	NA
over_UHM125.35770__k141_165328_7	NA
over_UHM125.35770__k141_234616_128	K13472
over_UHM125.35770__k141_299193_82	NA
over_UHM125.35770__k141_299193_114	NA
over_UHM125.35770__k141_299193_178	K01706
over_UHM125.35770__k141_37250_156	NA
over_UHM145.35771__k141_93009_21	NA
over_UHM145.35771__k141_55865_54	K00873
over_UHM145.35771__k141_55926_33	K05970
over_UHM145.35771__k141_55926_97	NA
over_UHM145.35771__k141_4959_256	K04940
over_UHM145.35771__k141_33287_3	K02238
over_UHM145.35771__k141_33728_24	NA
over_UHM145.35771__k141_121887_79	NA
over_UHM145.35771__k141_145241_102	K17466
over_UHM145.35771__k141_71246_176	K02035
over_UHM145.35771__k141_71246_176	K15580
over_UHM145.35771__k141_99275_202	K04077
over_UHM145.35771__k141_99275_298	K04567
over_UHM145.35771__k141_141237_92	K01876
over_UHM145.35771__k141_1962_65	NA
over_UHM145.35771__k141_132265_82	NA
over_UHM145.35771__k141_85386_181	NA
over_UHM145.35771__k141_53940_2	K02014
over_UHM145.35771__k141_53940_2	K16090
over_UHM145.35771__k141_68385_7	K00266
over_UHM145.35771__k141_95261_7	K03188
over_UHM145.35771__k141_80478_15	K02014
over_UHM145.35771__k141_80478_15	K16088
over_UHM145.35771__k141_138443_27	K03655
over_UHM145.35772__k141_29948_4	NA
over_UHM145.35772__k141_21596_23	K10109
over_UHM145.35772__k141_68207_21	NA
over_UHM145.35772__k141_102139_185	K03215
over_UHM145.35772__k141_102139_281	K01270
over_UHM145.35772__k141_60364_195	NA
over_UHM145.35772__k141_13553_189	K05896
over_UHM145.35772__k141_111365_103	K03110
over_UHM145.35772__k141_68858_7	K00963
over_UHM145.35772__k141_98888_12	NA
over_UHM145.35772__k141_98888_76	NA
over_UHM145.35772__k141_18482_33	K15726
over_UHM145.35772__k141_98949_124	NA
over_UHM145.35772__k141_116606_67	NA
over_UHM145.35772__k141_86729_2	NA
over_UHM145.35772__k141_74074_147	NA
over_UHM145.35772__k141_31778_46	NA
over_UHM145.35772__k141_35479_74	K06199
over_UHM145.35772__k141_15309_13	NA
over_UHM145.35772__k141_104243_1	NA
over_UHM145.35772__k141_133952_349	K07040
over_UHM145.35772__k141_28868_66	K09475
over_UHM145.35772__k141_28868_66	K09476
over_UHM145.35772__k141_89048_219	K01870
over_UHM145.35772__k141_70499_335	K01682
over_UHM145.35772__k141_25235_131	K00331
over_UHM145.35772__k141_25235_227	NA
over_UHM145.35772__k141_25235_323	K01945
over_UHM145.35772__k141_72118_174	K03496
over_UHM145.35772__k141_72118_366	K02906
over_UHM145.35772__k141_72118_398	K01284
over_UHM145.35773__k141_230620_3	K01643
over_UHM145.35773__k141_255308_30	NA
over_UHM145.35773__k141_91390_18	NA
over_UHM145.35773__k141_59382_94	K07320
over_UHM145.35773__k141_207245_138	K02510
over_UHM145.35773__k141_207245_138	K12660
over_UHM145.35773__k141_2567_159	NA
over_UHM145.35773__k141_79693_27	NA
over_UHM145.35773__k141_4977_33	NA
over_UHM145.35773__k141_170581_14	K04095
over_UHM145.35773__k141_139043_11	K07709
over_UHM145.35773__k141_48572_27	K02939
over_UHM145.35773__k141_180165_1	NA
over_UHM17.10826__k141_181728_1	K06158
over_UHM17.10826__k141_146766_9	K00033
over_UHM17.10826__k141_92654_2	NA
over_UHM17.10826__k141_187819_1	K00548
over_UHM17.10826__k141_301002_8	K09017
over_UHM17.35740__k141_61772_14	NA
over_UHM17.35740__k141_141880_98	NA
over_UHM18.10827__k141_40537_21	NA
over_UHM18.10827__k141_41104_3	K06158
over_UHM18.10827__k141_72261_60	NA
over_UHM18.10827__k141_90765_1	NA
over_UHM18.10827__k141_109029_13	NA
over_UHM18.10827__k141_87246_34	NA
over_UHM18.10827__k141_102258_16	NA
over_UHM18.10827__k141_28876_270	NA
over_UHM18.10827__k141_60748_6	NA
over_UHM18.10827__k141_39128_2	K07107
over_UHM18.35741__k141_40855_2	K01835
over_UHM18.35741__k141_90741_2	K00616
over_UHM18.35741__k141_4836_26	NA
over_UHM18.35741__k141_95127_3	K03590
over_UHM18.35741__k141_140701_38	K05807
over_UHM18.35741__k141_86891_4	K06207
over_UHM18.35741__k141_55222_6	NA
over_UHM18.35741__k141_91515_2	K01624
over_UHM18.35741__k141_55754_3	NA
over_UHM18.35741__k141_46556_2	K07106
over_UHM18.35741__k141_6284_3	K02564
over_UHM18.35741__k141_133757_3	K24217
over_UHM18.35741__k141_24162_2	K00294
over_UHM18.35741__k141_33825_1	K06168
over_UHM18.35741__k141_102402_1	NA
over_UHM18.35741__k141_76299_24	K01200
over_UHM18.35741__k141_85586_4	K02469
over_UHM18.35741__k141_35890_30	NA
over_UHM18.35742__k141_82641_6	K20455
over_UHM18.35742__k141_172200_28	NA
over_UHM18.35742__k141_103447_189	K01928
over_UHM18.35742__k141_69108_4	K00937
over_UHM18.35742__k141_151837_194	NA
over_UHM18.35742__k141_28005_52	K03543
over_UHM18.35742__k141_28005_180	K01963
over_UHM18.35742__k141_28005_212	K10764
over_UHM18.35742__k141_28005_244	K06894
over_UHM18.35742__k141_193368_50	K07637
over_UHM18.35742__k141_103998_24	NA
over_UHM18.35742__k141_200256_27	NA
over_UHM18.35742__k141_111370_11	NA
over_UHM18.35742__k141_152342_3	K00344
over_UHM18.35742__k141_42379_123	K00239
over_UHM18.35742__k141_174395_10	NA
over_UHM18.35742__k141_133855_3	K02343
over_UHM18.35742__k141_215974_22	K01190
over_UHM18.35742__k141_50369_120	K01657
over_UHM18.35742__k141_50369_184	K21572
over_UHM18.35742__k141_119751_2	K04485
over_UHM18.35742__k141_92983_382	K00259
over_UHM18.35742__k141_92983_382	K00324
over_UHM18.35742__k141_79994_4	NA
over_UHM18.35742__k141_120608_67	K01745
over_UHM18.35742__k141_136531_110	K01752
over_UHM18.35742__k141_54383_237	NA
over_UHM20.10828__k141_35501_6	NA
over_UHM20.10828__k141_64585_39	NA
over_UHM20.10828__k141_88691_17	NA
over_UHM20.35743__k141_37455_29	NA
over_UHM20.35743__k141_87144_4	K13788
over_UHM20.35743__k141_125108_28	NA
over_UHM20.35743__k141_13256_2	K02863
over_UHM20.35743__k141_46841_1	K03624
over_UHM20.35743__k141_84010_23	K02837
over_UHM20.35743__k141_125504_86	K01784
over_UHM20.35743__k141_38984_7	K03497
over_UHM20.35743__k141_30888_13	NA
over_UHM20.35743__k141_105268_161	K00128
over_UHM20.35743__k141_130388_9	K15540
over_UHM20.35743__k141_76825_67	K21573
over_UHM20.35743__k141_4006_24	K15987
over_UHM20.35743__k141_18824_350	K02014
over_UHM20.35743__k141_78218_22	K01719
over_UHM20.35743__k141_40957_39	K21573
over_UHM20.35743__k141_8237_27	K01875
over_UHM20.35743__k141_8237_59	K06373
over_UHM20.35743__k141_8237_59	K06374
over_UHM20.35743__k141_15217_7	K00602
over_UHM20.35743__k141_57625_7	NA
over_UHM20.35744__k141_131702_59	NA
over_UHM20.35744__k141_72554_31	K07351
over_UHM20.35744__k141_118524_342	K09955
over_UHM20.35744__k141_118524_374	NA
over_UHM20.35744__k141_46800_61	NA
over_UHM20.35744__k141_46800_93	NA
over_UHM20.35744__k141_126465_161	K21087
over_UHM20.35744__k141_132790_3	K19304
over_UHM20.35744__k141_80465_1	K00962
over_UHM20.35744__k141_80465_97	NA
over_UHM20.35744__k141_191945_154	NA
over_UHM20.35744__k141_191945_186	K24847
over_UHM20.35744__k141_87145_26	K01811
over_UHM20.35744__k141_87243_34	K07734
over_UHM20.35744__k141_134037_95	NA
over_UHM20.35744__k141_134612_19	NA
over_UHM20.35744__k141_155084_335	K02931
over_UHM20.35744__k141_175877_2	NA
over_UHM20.35744__k141_136002_3	K02500
over_UHM20.35744__k141_77342_161	K00024
over_UHM20.35744__k141_183793_14	K02355
over_UHM20.35744__k141_183793_46	K00281
over_UHM22.35745__k141_106765_4	K01737
over_UHM22.35745__k141_45627_137	NA
over_UHM22.35745__k141_90575_209	K03657
over_UHM22.35745__k141_90575_529	K15727
over_UHM22.35745__k141_17269_59	NA
over_UHM22.35745__k141_37594_1	NA
over_UHM22.35745__k141_78462_91	K05366
over_UHM22.35745__k141_1504_55	K03406
over_UHM22.35745__k141_1504_55	K05876
over_UHM22.35745__k141_38263_11	NA
over_UHM22.35745__k141_103732_155	NA
over_UHM22.35745__k141_54695_226	K01887
over_UHM22.35745__k141_54695_290	NA
over_UHM22.35745__k141_83420_104	K03813
over_UHM22.35745__k141_88371_115	NA
over_UHM22.35745__k141_88371_147	K15726
over_UHM22.35745__k141_5466_94	NA
over_UHM22.35745__k141_50516_364	K00626
over_UHM22.35745__k141_50516_364	K00632
over_UHM22.35745__k141_43177_14	K18138
over_UHM22.35745__k141_43177_14	K18142
over_UHM22.35745__k141_84395_113	NA
over_UHM22.35745__k141_39700_118	K18900
over_UHM22.35745__k141_77793_126	NA
over_UHM22.35745__k141_77793_158	K00691
over_UHM22.35745__k141_101221_50	K21573
over_UHM22.35745__k141_101221_434	K01883
over_UHM22.35745__k141_64139_190	K01222
over_UHM22.35745__k141_60579_272	NA
over_UHM22.35746__k141_4851_80	NA
over_UHM22.35746__k141_33915_16	K02406
over_UHM22.35746__k141_91996_22	NA
over_UHM22.35746__k141_10104_438	K12257
over_UHM22.35746__k141_10104_534	K03702
over_UHM22.35746__k141_106907_73	NA
over_UHM22.35746__k141_54517_293	NA
over_UHM22.35746__k141_97825_29	K00525
over_UHM22.35746__k141_97825_93	K05989
over_UHM22.35746__k141_15455_201	K06020
over_UHM22.35746__k141_117234_127	NA
over_UHM22.35746__k141_131809_103	NA
over_UHM22.35746__k141_117567_181	K02671
over_UHM22.35746__k141_59210_64	K00847
over_UHM22.35746__k141_55676_39	K00853
over_UHM22.35746__k141_117683_365	NA
over_UHM22.35746__k141_17038_52	NA
over_UHM22.35746__k141_12257_16	NA
over_UHM22.35746__k141_66824_62	K03455
over_UHM22.35747__k141_4648_191	NA
over_UHM22.35747__k141_107797_53	NA
over_UHM22.35747__k141_24596_229	NA
over_UHM22.35747__k141_24596_325	NA
over_UHM22.35747__k141_84973_23	K15539
over_UHM22.35747__k141_56395_129	NA
over_UHM22.35747__k141_56395_577	NA
over_UHM22.35747__k141_9504_113	K00217
over_UHM22.35747__k141_52536_278	K05813
over_UHM22.35747__k141_96776_67	K07592
over_UHM22.35747__k141_96776_67	K14057
over_UHM22.35747__k141_105096_392	NA
over_UHM22.35747__k141_101285_56	K02523
over_UHM22.35747__k141_101285_184	K03977
over_UHM22.35747__k141_56704_44	K05349
over_UHM22.35747__k141_56704_268	NA
over_UHM22.35747__k141_50548_29	NA
over_UHM22.35747__k141_24731_171	K02003
over_UHM22.35747__k141_24731_491	NA
over_UHM22.35747__k141_42361_189	NA
over_UHM22.35747__k141_42361_413	K01687
over_UHM27.10829__k141_23622_46	NA
over_UHM27.10829__k141_177330_14	NA
over_UHM27.10829__k141_108398_45	K03574
over_UHM31.10830__k141_90906_32	K01697
over_UHM31.10830__k141_100653_221	K01812
over_UHM31.10830__k141_19816_12	K15540
over_UHM31.10830__k141_71515_76	K21573
over_UHM31.10830__k141_6917_32	K03205
over_UHM31.10830__k141_87824_42	K01823
over_UHM31.10830__k141_42491_86	K01644
over_UHM31.10830__k141_7059_57	K03522
over_UHM31.10830__k141_1255_16	NA
over_UHM31.10830__k141_94552_64	K14059
over_UHM31.10830__k141_65976_6	K07592
over_UHM31.10830__k141_65976_6	K14057
over_UHM31.10830__k141_75815_246	K03556
over_UHM31.10830__k141_76952_16	NA
over_UHM31.35748__k141_8586_17	NA
over_UHM31.35748__k141_21355_100	K03187
over_UHM31.35748__k141_126922_1	NA
over_UHM31.35748__k141_118261_3	NA
over_UHM31.35748__k141_93299_59	NA
over_UHM31.35748__k141_76721_30	NA
over_UHM31.35748__k141_19899_5	K15408
over_UHM31.35748__k141_44458_70	K25775
over_UHM31.35748__k141_28342_45	NA
over_UHM31.35749__k141_107087_16	K02558
over_UHM31.35749__k141_31883_43	NA
over_UHM31.35749__k141_63854_256	NA
over_UHM31.35749__k141_132430_45	K07677
over_UHM31.35749__k141_108778_19	K01679
over_UHM31.35749__k141_165894_212	K15125
over_UHM31.35749__k141_133906_96	NA
over_UHM31.35749__k141_148736_1	K03841
over_UHM31.35749__k141_18027_11	K03791
over_UHM31.35749__k141_167741_12	K00074
over_UHM33.10831__k141_49822_61	NA
over_UHM33.10831__k141_74636_5	NA
over_UHM33.10831__k141_30246_3	K00948
over_UHM33.10831__k141_38775_25	NA
over_UHM33.10831__k141_2872_86	K01952
over_UHM36.10832__k141_60362_2	NA
over_UHM36.10832__k141_120342_122	K00088
over_UHM36.10832__k141_48554_5	K01661
over_UHM36.10832__k141_169715_1	NA
over_UHM36.10832__k141_187068_246	NA
over_UHM36.10832__k141_43056_261	K21006
over_UHM36.10832__k141_68194_2	K03147
over_UHM36.10832__k141_146583_134	K03446
over_UHM36.10832__k141_158305_33	NA
over_UHM36.10832__k141_115866_61	K00341
over_UHM36.10832__k141_115866_93	NA
over_UHM36.10832__k141_115866_157	K03593
over_UHM36.10832__k141_26074_7	K01676
over_UHM36.10832__k141_152311_143	K05539
over_UHM36.10832__k141_3018_93	K02557
over_UHM36.10832__k141_93009_66	K02886
over_UHM36.10832__k141_141612_180	NA
over_UHM36.10832__k141_171716_9	NA
over_UHM36.10832__k141_20931_2	K01338
over_UHM36.10832__k141_84207_1	NA
over_UHM36.10832__k141_10822_55	K13482
over_UHM36.35750__k141_93522_145	K02014
over_UHM36.35750__k141_30545_64	K01756
over_UHM36.35750__k141_90552_280	K07795
over_UHM36.35750__k141_70523_58	NA
over_UHM36.35750__k141_21107_110	K02673
over_UHM36.35750__k141_34689_83	K02014
over_UHM36.35750__k141_70872_249	NA
over_UHM36.35750__k141_12145_111	K08225
over_UHM36.35750__k141_12145_239	K00451
over_UHM36.35750__k141_52792_102	NA
over_UHM36.35750__k141_92015_1	K02992
over_UHM36.35751__k141_261_1	NA
over_UHM36.35751__k141_40517_325	NA
over_UHM36.35751__k141_35614_12	K08167
over_UHM36.35751__k141_2560_488	NA
over_UHM36.35751__k141_7851_21	K02014
over_UHM36.35751__k141_17971_363	K01190
over_UHM36.35751__k141_76022_368	K03699
over_UHM36.35751__k141_33132_10	K07795
over_UHM36.35751__k141_73859_257	NA
over_UHM36.35751__k141_69298_58	K07347
over_UHM36.35751__k141_15751_399	NA
over_UHM36.35751__k141_13512_213	K26061
over_UHM36.35751__k141_54235_12	NA
over_UHM36.35751__k141_61513_42	K00639
over_UHM36.35751__k141_61513_266	K01599
over_UHM36.35751__k141_61513_298	K20276
over_UHM36.35751__k141_16307_15	NA
over_UHM36.35751__k141_18741_225	K04561
over_UHM38.10833__k141_30745_1	NA
over_UHM38.35752__k141_90301_16	K07795
over_UHM38.35752__k141_113106_24	K05349
over_UHM38.35752__k141_128240_31	K09781
over_UHM38.35752__k141_120548_18	NA
over_UHM38.35752__k141_45874_27	K01940
over_UHM38.35752__k141_211320_150	NA
over_UHM38.35752__k141_211320_182	NA
over_UHM38.35752__k141_226258_4	K02948
over_UHM38.35752__k141_31350_1	NA
over_UHM38.35752__k141_144166_168	K06942
over_UHM38.35752__k141_235847_419	K01687
over_UHM38.35752__k141_206128_227	K06987
over_UHM38.35752__k141_146062_4	K01951
over_UHM38.35752__k141_34031_1	NA
over_UHM38.35752__k141_11430_1	NA
over_UHM38.35752__k141_177127_131	K03495
over_UHM38.35752__k141_140021_169	K03587
over_UHM38.35752__k141_162269_67	K03723
over_UHM38.35752__k141_162269_99	K00333
over_UHM38.35753__k141_567_135	K02897
over_UHM38.35753__k141_98520_1	K02652
over_UHM38.35753__k141_225137_98	NA
over_UHM38.35753__k141_209444_78	K09945
over_UHM38.35753__k141_51371_29	K11381
over_UHM38.35753__k141_51371_317	K03534
over_UHM40.10834__k141_24456_1	K03307
over_UHM40.10834__k141_52422_59	NA
over_UHM40.10834__k141_44606_126	K07165
over_UHM40.10834__k141_112632_2	K00849
over_UHM40.10834__k141_74168_3	K12573
over_UHM40.10834__k141_21753_2	K01495
over_UHM40.10834__k141_78799_1	K12251
over_UHM40.35754__k141_74246_21	NA
over_UHM40.35754__k141_74246_117	K12243
over_UHM40.35754__k141_13190_74	K01969
over_UHM40.35754__k141_70072_7	NA
over_UHM40.35754__k141_18053_1	K02233
over_UHM40.35754__k141_131871_29	NA
over_UHM40.35754__k141_13701_480	K00765
over_UHM40.35754__k141_92799_17	K03596
over_UHM40.35754__k141_101638_326	NA
over_UHM40.35754__k141_54441_129	K01265
over_UHM40.35754__k141_67833_5	NA
over_UHM40.35754__k141_108160_232	K00337
over_UHM40.35754__k141_108160_488	K00560
over_UHM40.35754__k141_108160_584	K01201
over_UHM40.35755__k141_24530_10	K00645
over_UHM40.35755__k141_98257_13	K07795
over_UHM40.35755__k141_142219_149	K18138
over_UHM40.35755__k141_88712_252	K18929
over_UHM40.35755__k141_88712_348	NA
over_UHM40.35755__k141_66157_90	NA
over_UHM40.35755__k141_66157_378	K03466
over_UHM40.35755__k141_90295_537	K02372
over_UHM40.35755__k141_90295_537	K02535
over_UHM40.35755__k141_90295_537	K16363
over_UHM40.35755__k141_67360_22	K01113
over_UHM41.10835__k141_62031_4	K02014
over_UHM41.10835__k141_62031_4	K16088
over_UHM41.10835__k141_28839_13	K17467
over_UHM41.10835__k141_76741_1	NA
over_UHM41.10835__k141_86476_67	K00702
over_UHM41.10835__k141_86476_67	K13688
over_UHM41.10835__k141_39371_17	K02982
over_UHM41.35756__k141_40322_4	NA
over_UHM41.35756__k141_1926_3	NA
over_UHM41.35756__k141_45714_6	K07795
over_UHM41.35756__k141_106102_348	K01649
over_UHM41.35757__k141_197883_250	K00259
over_UHM41.35757__k141_197883_250	K00324
over_UHM41.35757__k141_109431_280	K01733
over_UHM41.35757__k141_52012_27	NA
over_UHM41.35757__k141_97588_851	K02357
over_UHM41.35757__k141_161867_11	K08717
over_UHM41.35757__k141_188175_167	K03589
over_UHM41.35757__k141_195851_5	K03779
over_UHM43.10836__k141_114438_2	NA
over_UHM43.10836__k141_161216_524	K01933
over_UHM43.10836__k141_63839_26	NA
over_UHM43.10836__k141_18548_4	K06907
over_UHM43.10836__k141_162195_6	NA
over_UHM43.10836__k141_28381_11	NA
over_UHM43.10836__k141_101202_104	NA
over_UHM43.10836__k141_146915_919	K02600
over_UHM43.10836__k141_163085_81	K00382
over_UHM43.10836__k141_163085_433	K15738
over_UHM44.10837__k141_10283_32	K18346
over_UHM44.10837__k141_942_30	NA
over_UHM44.10837__k141_5905_63	NA
over_UHM44.10837__k141_60831_2	K20509
over_UHM44.10837__k141_3695_1	NA
over_UHM44.10837__k141_70968_220	NA
over_UHM44.10837__k141_61706_117	NA
over_UHM45.10838__k141_37320_25	NA
over_UHM45.10838__k141_58926_7	K01547
over_UHM45.10838__k141_58926_359	NA
over_UHM45.10838__k141_58926_743	K00252
over_UHM45.10838__k141_58926_775	K00164
over_UHM45.10838__k141_77937_129	K03077
over_UHM45.10838__k141_70383_7	K01524
over_UHM45.10838__k141_115245_133	K03543
over_UHM45.10838__k141_31996_4	NA
over_UHM45.35758__k141_222388_89	NA
over_UHM45.35758__k141_111631_254	K07568
over_UHM45.35758__k141_60186_17	NA
over_UHM45.35758__k141_156774_218	K08264
over_UHM45.35758__k141_134523_107	NA
over_UHM45.35758__k141_4004_85	K07347
over_UHM45.35758__k141_25709_70	NA
over_UHM45.35759__k141_88213_41	K04759
over_UHM45.35759__k141_88213_169	K02112
over_UHM45.35759__k141_96340_171	K01740
over_UHM45.35759__k141_109641_8	K02452
over_UHM45.35759__k141_34055_211	K03595
over_UHM45.35759__k141_81174_105	NA
over_UHM45.35759__k141_90379_2	K07702
over_UHM45.35759__k141_49072_89	NA
over_UHM45.35759__k141_53792_62	NA
over_UHM56.10839__k141_24386_13	K06180
over_UHM56.10839__k141_76311_46	NA
over_UHM56.10839__k141_76311_430	NA
over_UHM56.10839__k141_93486_26	NA
over_UHM56.10839__k141_40489_1064	K00956
over_UHM56.10839__k141_40489_1448	K00764
over_UHM56.10839__k141_84461_63	K10716
over_UHM56.10839__k141_60030_9	K07038
over_UHM56.10839__k141_47187_95	NA
over_UHM56.35760__k141_4088_8	K00355
over_UHM56.35760__k141_4098_176	K02028
over_UHM56.35760__k141_20384_387	K02014
over_UHM56.35760__k141_12473_85	K15125
over_UHM56.35760__k141_12473_117	NA
over_UHM56.35760__k141_12473_181	K01707
over_UHM56.35760__k141_73635_12	K07347
over_UHM56.35760__k141_61360_13	K13735
over_UHM56.35760__k141_34175_189	K05805
over_UHM56.35760__k141_59228_40	NA
over_UHM56.35761__k141_69195_18	NA
over_UHM56.35761__k141_55955_37	NA
over_UHM56.35761__k141_125721_1	NA
over_UHM56.35761__k141_163270_109	NA
over_UHM72.35762__k141_87708_12	K07347
over_UHM72.35762__k141_71801_56	K07345
over_UHM72.35762__k141_12195_266	K08234
over_UHM72.35762__k141_87976_6	NA
over_UHM72.35762__k141_111631_62	NA
over_UHM72.35762__k141_88279_127	NA
over_UHM72.35762__k141_72216_188	NA
over_UHM72.35762__k141_48448_36	K03566
over_UHM72.35762__k141_83953_180	K07795
over_UHM72.35762__k141_26036_24	K03320
over_UHM72.35762__k141_86186_53	K02014
over_UHM72.35762__k141_86186_53	K16090
over_UHM72.35762__k141_82385_1	NA
over_UHM72.35762__k141_27220_1	K00850
over_UHM72.35762__k141_10733_206	K03654
over_UHM72.35762__k141_78279_1	NA
over_UHM72.35762__k141_15222_3	NA
over_UHM72.35762__k141_19855_10	NA
over_UHM72.35763__k141_80706_28	NA
over_UHM72.35763__k141_31124_6	NA
over_UHM72.35763__k141_96616_292	NA
over_UHM72.35763__k141_90569_66	NA
over_UHM72.35763__k141_50524_126	NA
over_UHM72.35763__k141_7844_8	K03892
over_UHM72.35763__k141_15199_20	NA
over_UHM72.35763__k141_24009_8	K03546
over_UHM72.35763__k141_39290_5	K02014
over_UHM72.35763__k141_39290_5	K16090
over_UHM72.35763__k141_11829_10	K01685
over_UHM72.35764__k141_139944_67	K05834
over_UHM72.35764__k141_168051_209	K08475
over_UHM72.35764__k141_156959_99	K07248
over_UHM72.35764__k141_62165_6	K03319
over_UHM72.35764__k141_163002_40	NA
over_UHM72.35764__k141_35202_114	K18890
over_UHM72.35764__k141_52967_25	K21395
over_UHM72.35764__k141_142742_31	K02529
over_UHM72.35764__k141_137124_133	K01869
over_UHM72.35764__k141_137124_197	K01556
over_UHM72.35764__k141_54202_7	K01258
over_UHM72.35764__k141_54202_231	K03701
over_UHM72.35764__k141_122950_18	K01868
over_UHM739.35775__k141_37335_2	NA
over_UHM102.35765__k141_119582_89	K02650
over_UHM102.35765__k141_138585_108	K21572
over_UHM102.35765__k141_43261_34	K13599
over_UHM102.35765__k141_38733_11	NA
over_UHM102.35765__k141_124473_115	K25137
over_UHM102.35765__k141_139088_17	K01372
over_UHM102.35765__k141_148405_25	NA
over_UHM102.35765__k141_59197_39	K01874
over_UHM102.35765__k141_26183_29	K09800
over_UHM102.35765__k141_88887_202	NA
over_UHM102.35765__k141_132204_16	K05372
over_UHM102.35765__k141_75028_285	NA
over_UHM102.35766__k141_32415_16	K03405
over_UHM102.35766__k141_118989_9	K03292
over_UHM102.35766__k141_167698_3	NA
over_UHM102.35766__k141_17313_215	K03769
over_UHM102.35766__k141_17313_471	NA
over_UHM102.35766__k141_14013_68	K00161
over_UHM102.35766__k141_51846_7	K01206
over_UHM102.35766__k141_164891_5	K10206
over_UHM102.35766__k141_165116_227	K10844
over_UHM102.35766__k141_159626_3	K02429
over_UHM102.35767__k141_213412_44	NA
over_UHM125.35768__k141_74960_104	NA
over_UHM125.35768__k141_75006_3	NA
over_UHM125.35768__k141_50463_6	K01153
over_UHM125.35768__k141_130735_45	NA
over_UHM125.35768__k141_122866_1	K07154
over_UHM125.35768__k141_19096_8	NA
over_UHM125.35768__k141_138401_13	NA
over_UHM125.35769__k141_179172_2	K23677
over_UHM125.35769__k141_153290_11	NA
over_UHM125.35769__k141_64006_174	K07687
over_UHM125.35769__k141_2916_1	K15125
over_UHM125.35769__k141_145767_21	K15125
over_UHM125.35769__k141_191516_20	NA
over_UHM125.35769__k141_47199_2	K02034
over_UHM125.35769__k141_217918_12	K03607
over_UHM125.35769__k141_32200_7	NA
over_UHM125.35770__k141_163370_2	NA
over_UHM125.35770__k141_194034_77	NA
over_UHM125.35770__k141_113674_39	NA
over_UHM125.35770__k141_165328_8	NA
over_UHM125.35770__k141_234616_97	K07154
over_UHM125.35770__k141_56051_18	K07241
over_UHM125.35770__k141_299193_115	NA
over_UHM125.35770__k141_299193_179	K05799
over_UHM145.35771__k141_69641_33	NA
over_UHM145.35771__k141_51193_1	NA
over_UHM145.35771__k141_55926_226	K06153
over_UHM145.35771__k141_98788_84	K02470
over_UHM145.35771__k141_38541_27	NA
over_UHM145.35771__k141_38541_91	K21574
over_UHM145.35771__k141_99275_75	NA
over_UHM145.35771__k141_112876_12	K01805
over_UHM145.35771__k141_35042_36	NA
over_UHM145.35771__k141_85386_22	K04761
over_UHM145.35771__k141_85386_118	K18139
over_UHM145.35771__k141_53940_3	K02016
over_UHM145.35771__k141_68385_8	K01586
over_UHM145.35771__k141_113991_25	K07407
over_UHM145.35771__k141_87352_266	NA
over_UHM145.35771__k141_64864_79	NA
over_UHM145.35772__k141_115490_172	K01895
over_UHM145.35772__k141_90447_27	NA
over_UHM145.35772__k141_117481_100	NA
over_UHM145.35772__k141_15309_14	NA
over_UHM145.35772__k141_67375_54	NA
over_UHM145.35772__k141_25235_516	K09458
over_UHM145.35772__k141_20303_53	NA
over_UHM145.35772__k141_62478_1	NA
over_UHM145.35773__k141_42532_49	NA
over_UHM145.35773__k141_60596_2	NA
over_UHM145.35773__k141_145554_22	NA
over_UHM17.10826__k141_246405_3	K00620
over_UHM17.10826__k141_240640_1	NA
over_UHM17.10826__k141_299498_2	NA
over_UHM17.35739__k141_51039_7	K01153
over_UHM17.35740__k141_30061_50	K02031
over_UHM18.10827__k141_109029_14	NA
over_UHM18.10827__k141_118721_12	K07795
over_UHM18.10827__k141_17609_1	NA
over_UHM18.10827__k141_21827_2	K03427
over_UHM18.35741__k141_104150_3	K00335
over_UHM18.35741__k141_13930_2	K03790
over_UHM18.35741__k141_10210_6	K01641
over_UHM18.35741__k141_1453_4	NA
over_UHM18.35741__k141_32681_1	NA
over_UHM18.35741__k141_2787_27	NA
over_UHM18.35741__k141_76579_5	K00052
over_UHM18.35741__k141_22465_1	NA
over_UHM18.35742__k141_69200_67	K15540
over_UHM18.35742__k141_167699_3	K00773
over_UHM20.10828__k141_29156_2	NA
over_UHM20.10828__k141_105147_2	NA
over_UHM20.10828__k141_19235_33	K03312
over_UHM20.35743__k141_63169_49	K00384
over_UHM20.35743__k141_2638_8	K02564
over_UHM20.35743__k141_96542_134	NA
over_UHM20.35743__k141_16560_9	K01847
over_UHM20.35744__k141_157635_4	NA
over_UHM20.35744__k141_125254_113	K01902
over_UHM20.35744__k141_125254_113	K02907
over_UHM20.35744__k141_125254_145	K00052
over_UHM20.35744__k141_172463_3	K12373
over_UHM20.35744__k141_191945_187	K08289
over_UHM20.35744__k141_94089_7	K01183
over_UHM20.35744__k141_2901_36	K03046
over_UHM20.35744__k141_3073_3	K09011
over_UHM20.35744__k141_101933_73	K03791
over_UHM20.35744__k141_74954_1	K01685
over_UHM20.35744__k141_169404_14	K15268
over_UHM20.35744__k141_32673_37	NA
over_UHM22.35745__k141_12708_21	K03475
over_UHM22.35745__k141_78462_28	K03797
over_UHM22.35745__k141_78462_188	K01880
over_UHM22.35745__k141_128173_6	K06907
over_UHM22.35745__k141_95806_24	K02680
over_UHM22.35745__k141_35198_336	K02030
over_UHM22.35745__k141_50516_365	K07516
over_UHM22.35745__k141_89497_74	NA
over_UHM22.35745__k141_101221_243	NA
over_UHM22.35745__k141_60579_81	NA
over_UHM22.35746__k141_14990_15	K24087
over_UHM22.35746__k141_120642_315	K02055
over_UHM22.35746__k141_97825_30	NA
over_UHM22.35746__k141_15455_42	K03307
over_UHM22.35746__k141_121449_61	NA
over_UHM22.35746__k141_121449_477	K01066
over_UHM22.35746__k141_61134_23	K00164
over_UHM22.35746__k141_96248_53	K03112
over_UHM22.35747__k141_67948_7	NA
over_UHM22.35747__k141_44127_248	K03462
over_UHM22.35747__k141_77021_191	K06908
over_UHM22.35747__k141_9504_114	K07795
over_UHM22.35747__k141_56704_173	K01820
over_UHM22.35747__k141_56704_269	K03327
over_UHM22.35747__k141_89895_6	NA
over_UHM22.35747__k141_24731_428	K01912
over_UHM22.35747__k141_42361_30	NA
over_UHM27.10829__k141_177330_15	K07345
over_UHM31.10830__k141_35720_56	K07345
over_UHM31.10830__k141_9869_117	K03040
over_UHM31.10830__k141_101188_61	NA
over_UHM31.10830__k141_41264_6	NA
over_UHM31.10830__k141_25844_3	K00287
over_UHM31.35748__k141_42208_129	NA
over_UHM31.35748__k141_8586_50	K07345
over_UHM31.35748__k141_127301_93	K01783
over_UHM31.35748__k141_25927_7	NA
over_UHM31.35748__k141_19899_6	K02275
over_UHM31.35748__k141_20570_16	NA
over_UHM31.35749__k141_131342_28	K02822
over_UHM31.35749__k141_6681_36	K13021
over_UHM31.35749__k141_58527_2	NA
over_UHM31.35749__k141_182993_15	K15894
over_UHM31.35749__k141_60479_2	NA
over_UHM31.35749__k141_165894_245	K01708
over_UHM33.10831__k141_50002_7	K18682
over_UHM33.10831__k141_74636_6	NA
over_UHM33.10831__k141_25637_4	NA
over_UHM33.10831__k141_92819_132	K12519
over_UHM33.10831__k141_109744_73	K04516
over_UHM33.10831__k141_11247_8	NA
over_UHM36.10832__k141_55458_21	NA
over_UHM36.10832__k141_3018_62	K01890
over_UHM36.10832__k141_75796_2	NA
over_UHM36.10832__k141_165645_105	NA
over_UHM36.10832__k141_64502_2	K07220
over_UHM36.10832__k141_166426_20	K01428
over_UHM36.10832__k141_118941_1	K00970
over_UHM36.10832__k141_118941_1	K00974
over_UHM36.10832__k141_119184_36	K00928
over_UHM36.10832__k141_119184_36	K12524
over_UHM36.10832__k141_119184_68	K01354
over_UHM36.10832__k141_119184_132	K07182
over_UHM36.35750__k141_53467_1	K13283
over_UHM36.35750__k141_10134_87	NA
over_UHM36.35750__k141_77158_173	K00248
over_UHM36.35750__k141_77158_173	K00249
over_UHM36.35750__k141_73746_172	NA
over_UHM36.35750__k141_73746_332	K01873
over_UHM36.35750__k141_10877_130	K01695
over_UHM36.35750__k141_84640_5	K01937
over_UHM36.35750__k141_38555_61	K11904
over_UHM36.35751__k141_65751_7	K06903
over_UHM36.35751__k141_66105_82	NA
over_UHM36.35751__k141_48399_1	NA
over_UHM36.35751__k141_15555_112	NA
over_UHM36.35751__k141_18741_418	K03924
over_UHM38.10833__k141_24490_16	K00927
over_UHM38.35752__k141_90301_17	K06978
over_UHM38.35752__k141_188331_84	K08680
over_UHM38.35752__k141_32980_36	NA
over_UHM38.35752__k141_94125_1	NA
over_UHM38.35753__k141_162273_75	K11936
over_UHM38.35753__k141_162273_75	K22278
over_UHM38.35753__k141_157902_1	NA
over_UHM38.35753__k141_51371_350	K05989
over_UHM40.10834__k141_43043_4	K07114
over_UHM40.35754__k141_74246_22	NA
over_UHM40.35754__k141_70072_8	NA
over_UHM40.35754__k141_35696_10	K01921
over_UHM40.35754__k141_92799_114	K01262
over_UHM40.35754__k141_101638_135	NA
over_UHM40.35754__k141_54272_27	NA
over_UHM40.35754__k141_124429_3	NA
over_UHM40.35754__k141_108160_9	K01886
over_UHM40.35755__k141_10479_29	K11106
over_UHM40.35755__k141_24685_10	K09015
over_UHM40.35755__k141_88712_349	NA
over_UHM40.35755__k141_88850_32	NA
over_UHM40.35755__k141_38677_3	NA
over_UHM41.10835__k141_10171_145	NA
over_UHM41.35756__k141_1668_1	NA
over_UHM41.35756__k141_80474_222	K01053
over_UHM41.35756__k141_45714_7	K19784
over_UHM44.10837__k141_694_8	K07349
over_UHM44.10837__k141_44259_54	K11811
over_UHM45.10838__k141_58926_360	NA
over_UHM45.10838__k141_114298_12	K01185
over_UHM45.10838__k141_77937_98	NA
over_UHM45.10838__k141_77937_130	K01804
over_UHM45.10838__k141_52473_35	K03549
over_UHM45.10838__k141_20680_37	K01627
over_UHM45.35758__k141_198361_18	K06959
over_UHM45.35759__k141_96340_364	K02014
over_UHM45.35759__k141_102561_3	NA
over_UHM45.35759__k141_69944_12	K24012
over_UHM45.35759__k141_45410_273	K00033
over_UHM56.10839__k141_52073_119	K03701
over_UHM56.10839__k141_14834_126	K07017
over_UHM56.10839__k141_76311_303	K19693
over_UHM56.10839__k141_40489_905	NA
over_UHM56.10839__k141_40489_1033	NA
over_UHM56.10839__k141_40489_1321	NA
over_UHM56.35760__k141_4088_9	NA
over_UHM56.35760__k141_12473_118	NA
over_UHM56.35760__k141_20490_321	NA
over_UHM56.35760__k141_73212_19	NA
over_UHM56.35760__k141_59228_41	NA
over_UHM56.35760__k141_34896_39	K05970
over_UHM56.35761__k141_71180_20	K03190
over_UHM72.35762__k141_47766_3	NA
over_UHM72.35762__k141_24263_16	K02674
over_UHM72.35762__k141_24381_207	K24012
over_UHM72.35762__k141_72216_61	K03553
over_UHM72.35762__k141_116162_4	NA
over_UHM72.35762__k141_121311_76	NA
over_UHM72.35762__k141_107017_12	NA
over_UHM72.35763__k141_211_3	K03686
over_UHM72.35763__k141_52803_114	K04750
over_UHM72.35763__k141_6555_8	K02172
over_UHM72.35763__k141_19577_218	K00674
over_UHM72.35763__k141_20095_75	NA
over_UHM72.35763__k141_79041_111	K00675
over_UHM72.35763__k141_51223_107	K24087
over_UHM72.35763__k141_39833_9	K18030
over_UHM72.35763__k141_77455_267	K07038
over_UHM72.35764__k141_6247_120	K21575
over_UHM72.35764__k141_141145_68	K05349
over_UHM72.35764__k141_52967_26	NA
over_UHM72.35764__k141_137124_6	K01739
over_UHM72.35764__k141_137124_6	K01758
over_UHM72.35764__k141_137124_6	K01760
over_UHM72.35764__k141_144593_29	NA
over_UHM102.10840__k141_38450_2	NA
over_UHM102.10840__k141_30127_3	K18297
over_UHM102.35765__k141_69425_128	K19294
over_UHM102.35765__k141_88887_235	K02551
over_UHM102.35765__k141_45535_9	NA
over_UHM102.35765__k141_150784_41	K12524
over_UHM102.35766__k141_102764_189	K22187
over_UHM102.35766__k141_152338_8	NA
over_UHM102.35766__k141_37597_6	K01610
over_UHM125.35768__k141_31266_3	K11904
over_UHM125.35768__k141_39369_2	K02950
over_UHM125.35769__k141_180109_10	K02014
over_UHM125.35769__k141_180109_10	K16087
over_UHM125.35769__k141_243561_51	NA
over_UHM125.35770__k141_132792_23	NA
over_UHM125.35770__k141_274401_23	NA
over_UHM125.35770__k141_143139_396	NA
over_UHM125.35770__k141_165328_9	NA
over_UHM125.35770__k141_299193_116	NA
over_UHM145.35771__k141_98311_83	NA
over_UHM145.35771__k141_51886_76	K04744
over_UHM145.35771__k141_38541_28	NA
over_UHM145.35771__k141_38541_124	K03797
over_UHM145.35771__k141_79960_1373	K05349
over_UHM145.35771__k141_85386_119	K03296
over_UHM145.35771__k141_53940_4	K02015
over_UHM145.35771__k141_100870_1	NA
over_UHM145.35771__k141_64864_80	NA
over_UHM145.35772__k141_13441_66	K09022
over_UHM145.35772__k141_121748_70	NA
over_UHM145.35772__k141_53889_86	K18530
over_UHM145.35773__k141_255109_2	NA
over_UHM145.35773__k141_42296_7	K11935
over_UHM145.35773__k141_83256_134	NA
over_UHM145.35773__k141_64432_2	NA
over_UHM145.35773__k141_188325_14	NA
over_UHM17.10826__k141_117556_16	K03292
over_UHM17.35740__k141_48156_2	NA
over_UHM18.10827__k141_46354_1	NA
over_UHM18.10827__k141_20768_5	K07308
over_UHM18.10827__k141_20768_5	K07312
over_UHM18.35741__k141_60139_1	NA
over_UHM18.35741__k141_101923_3	K07345
over_UHM18.35742__k141_172200_30	NA
over_UHM18.35742__k141_103447_191	K01925
over_UHM18.35742__k141_112583_192	NA
over_UHM18.35742__k141_196968_97	K03098
over_UHM18.35742__k141_122042_32	K15725
over_UHM20.35743__k141_37350_79	K21573
over_UHM20.35743__k141_42045_4	K01647
over_UHM20.35743__k141_113166_7	K03092
over_UHM20.35743__k141_67182_9	K13444
over_UHM20.35743__k141_10502_24	K06998
over_UHM20.35743__k141_76825_37	K03455
over_UHM20.35743__k141_26917_82	K03296
over_UHM20.35744__k141_118524_216	K00041
over_UHM20.35744__k141_118524_248	NA
over_UHM20.35744__k141_178324_46	K09667
over_UHM20.35744__k141_147142_3	NA
over_UHM20.35744__k141_173757_36	NA
over_UHM22.35745__k141_116387_1	NA
over_UHM22.35745__k141_130727_1	NA
over_UHM22.35746__k141_34018_62	K07082
over_UHM22.35746__k141_150291_94	K15125
over_UHM22.35746__k141_54517_135	K02171
over_UHM22.35746__k141_121449_414	NA
over_UHM22.35746__k141_17004_434	K05595
over_UHM22.35746__k141_66824_384	K01897
over_UHM22.35746__k141_94588_168	K15726
over_UHM22.35747__k141_111651_7	NA
over_UHM27.10829__k141_173712_1	NA
over_UHM31.10830__k141_101188_62	NA
over_UHM31.10830__k141_65976_8	NA
over_UHM31.10830__k141_1578_48	NA
over_UHM31.35748__k141_42208_130	NA
over_UHM31.35748__k141_21649_19	K12060
over_UHM31.35748__k141_93980_1	K02988
over_UHM31.35748__k141_102941_235	NA
over_UHM31.35748__k141_60858_25	K19354
over_UHM31.35749__k141_7063_118	K07795
over_UHM31.35749__k141_145191_13	K02483
over_UHM33.10831__k141_74636_7	NA
over_UHM33.10831__k141_50585_16	NA
over_UHM33.10831__k141_92819_133	K12518
over_UHM36.10832__k141_132936_7	K11904
over_UHM36.10832__k141_170049_250	K07795
over_UHM36.10832__k141_110204_38	K09925
over_UHM36.10832__k141_141612_54	NA
over_UHM36.10832__k141_75796_3	NA
over_UHM36.35750__k141_23416_160	K02341
over_UHM36.35750__k141_96832_39	K05349
over_UHM36.35750__k141_77158_206	NA
over_UHM36.35750__k141_57288_21	K02013
over_UHM36.35750__k141_73746_205	K03217
over_UHM36.35750__k141_92547_1	K02313
over_UHM36.35751__k141_40517_7	NA
over_UHM36.35751__k141_40517_103	NA
over_UHM36.35751__k141_15751_81	K13688
over_UHM36.35751__k141_8638_1	NA
over_UHM38.10833__k141_55246_4	NA
over_UHM38.35752__k141_233527_15	K00058
over_UHM38.35752__k141_211320_24	K00548
over_UHM38.35752__k141_136601_28	NA
over_UHM38.35752__k141_213001_208	K09800
over_UHM38.35752__k141_146062_38	K01915
over_UHM38.35753__k141_159900_5	NA
over_UHM38.35753__k141_230815_170	NA
over_UHM38.35753__k141_19540_6	K00525
over_UHM40.10834__k141_89949_3	NA
over_UHM40.35754__k141_101638_168	NA
over_UHM40.35755__k141_10479_30	K03780
over_UHM40.35755__k141_84208_53	NA
over_UHM41.10835__k141_88533_45	NA
over_UHM41.10835__k141_35181_2	K14445
over_UHM41.10835__k141_30443_148	K01952
over_UHM43.10836__k141_41612_4	NA
over_UHM43.10836__k141_137143_195	NA
over_UHM43.10836__k141_97042_40	NA
over_UHM43.10836__k141_56236_14	NA
over_UHM44.10837__k141_70968_222	NA
over_UHM45.10838__k141_77937_131	K01785
over_UHM45.35758__k141_133621_86	NA
over_UHM45.35758__k141_77575_105	K02945
over_UHM45.35758__k141_159540_83	K00343
over_UHM45.35759__k141_53792_96	K21395
over_UHM45.35759__k141_53792_96	K23007
over_UHM56.10839__k141_40489_842	K03544
over_UHM56.35760__k141_103951_197	NA
over_UHM56.35760__k141_12473_183	NA
over_UHM56.35761__k141_209771_16	K02028
over_UHM56.35761__k141_209771_16	K10004
over_UHM72.35762__k141_121311_77	K01610
over_UHM72.35762__k141_45298_2	NA
over_UHM72.35762__k141_47420_12	NA
over_UHM72.35763__k141_18862_7	K03629
over_UHM72.35764__k141_73280_16	NA
over_UHM72.35764__k141_163002_42	NA
over_UHM72.35764__k141_52568_220	K12308
over_UHM72.35764__k141_163251_103	NA
over_UHM72.35764__k141_137124_103	K07462
over_UHM740.35774__k141_780343_3	NA
over_UHM102.35765__k141_49242_2	K01834
over_UHM102.35765__k141_58353_32	K01546
over_UHM102.35765__k141_11599_23	NA
over_UHM102.35765__k141_69756_9	K01802
over_UHM102.35765__k141_88887_108	K02536
over_UHM102.35766__k141_102764_190	K07032
over_UHM125.35768__k141_74960_106	NA
over_UHM125.35768__k141_135374_158	NA
over_UHM125.35768__k141_101761_25	K03088
over_UHM125.35768__k141_136812_88	NA
over_UHM125.35769__k141_246607_35	NA
over_UHM125.35770__k141_63858_12	NA
over_UHM145.35771__k141_107900_297	NA
over_UHM145.35771__k141_61566_1	NA
over_UHM145.35771__k141_137612_13	NA
over_UHM145.35772__k141_51495_120	NA
over_UHM145.35772__k141_69825_140	K15125
over_UHM145.35772__k141_70497_14	NA
over_UHM145.35772__k141_89048_30	K01029
over_UHM145.35772__k141_25235_166	K21574
over_UHM145.35772__k141_20303_55	NA
over_UHM145.35773__k141_107108_1	K07184
over_UHM145.35773__k141_133836_18	NA
over_UHM145.35773__k141_37157_137	NA
over_UHM145.35773__k141_159978_1	NA
over_UHM17.10826__k141_256490_1	NA
over_UHM17.10826__k141_285664_1	NA
over_UHM17.10826__k141_300884_1	NA
over_UHM18.35741__k141_18508_4	NA
over_UHM18.35741__k141_95160_1	NA
over_UHM18.35741__k141_105417_1	NA
over_UHM18.35742__k141_103447_288	NA
over_UHM18.35742__k141_201724_1	NA
over_UHM18.35742__k141_120293_46	NA
over_UHM18.35742__k141_92983_1	K00600
over_UHM18.35742__k141_130119_1	K10536
over_UHM20.10828__k141_151307_2	NA
over_UHM20.35743__k141_101301_31	K07483
over_UHM20.35743__k141_10502_121	K06887
over_UHM20.35744__k141_147142_4	NA
over_UHM22.35745__k141_111027_125	K08300
over_UHM22.35745__k141_60579_243	K03585
over_UHM22.35745__k141_93270_62	NA
over_UHM22.35746__k141_121449_607	NA
over_UHM22.35747__k141_76344_94	NA
over_UHM22.35747__k141_45990_57	K09476
over_UHM22.35747__k141_45990_57	K14062
over_UHM22.35747__k141_24626_2175	K22390
over_UHM31.35749__k141_58634_76	K07012
over_UHM31.35749__k141_49629_117	K01955
over_UHM33.10831__k141_8830_30	K01736
over_UHM36.10832__k141_167455_3	NA
over_UHM36.35750__k141_23416_97	NA
over_UHM36.35750__k141_90018_101	NA
over_UHM36.35750__k141_73504_81	K23010
over_UHM38.35752__k141_213001_241	K02564
over_UHM38.35753__k141_143549_4	NA
over_UHM38.35753__k141_28030_147	K02337
over_UHM40.35754__k141_101638_169	NA
over_UHM40.35754__k141_67792_1	NA
over_UHM40.35755__k141_120182_2	NA
over_UHM40.35755__k141_85326_446	K00526
over_UHM40.35755__k141_80302_79	K06905
over_UHM41.35756__k141_100757_77	NA
over_UHM43.10836__k141_52256_1	NA
over_UHM43.10836__k141_69731_2	NA
over_UHM44.10837__k141_45284_21	NA
over_UHM44.10837__k141_39782_165	K07006
over_UHM45.10838__k141_78174_1	NA
over_UHM45.35758__k141_222388_188	K03292
over_UHM45.35758__k141_25709_73	K25010
over_UHM45.35758__k141_159540_84	NA
over_UHM56.10839__k141_76817_2	K01426
over_UHM56.10839__k141_76817_2	K02433
over_UHM72.35762__k141_84256_57	K22444
over_UHM72.35762__k141_73445_5	K08234
over_UHM72.35763__k141_46552_106	K02409
over_UHM72.35763__k141_81313_53	K06859
over_UHM72.35763__k141_20030_45	K00656
over_UHM72.35763__k141_70046_657	NA
over_UHM72.35763__k141_64633_1	K01872
over_UHM72.35763__k141_76336_14	NA
over_UHM72.35764__k141_141145_70	NA
over_UHM740.35774__k141_530409_2	K05372
over_UHM102.35766__k141_51493_8	NA
over_UHM102.35766__k141_46557_7	K00425
over_UHM102.35766__k141_37597_8	K02014
over_UHM125.35768__k141_139397_18	NA
over_UHM125.35769__k141_194070_24	NA
over_UHM125.35770__k141_111529_116	K02005
over_UHM125.35770__k141_111529_116	K13888
over_UHM145.35771__k141_25896_128	K06950
over_UHM145.35772__k141_42369_12	NA
over_UHM145.35773__k141_125089_17	K08970
over_UHM145.35773__k141_139450_7	K03770
over_UHM17.10826__k141_238427_1	K07345
over_UHM17.10826__k141_267785_1	NA
over_UHM18.35741__k141_108450_2	NA
over_UHM18.35742__k141_180496_144	K03043
over_UHM18.35742__k141_47958_2	NA
over_UHM20.10828__k141_106484_3	NA
over_UHM20.35743__k141_127253_41	K02674
over_UHM20.35744__k141_140593_1	NA
over_UHM20.35744__k141_183793_18	NA
over_UHM22.35745__k141_18681_1	NA
over_UHM22.35745__k141_104653_14	NA
over_UHM22.35746__k141_24413_3	K02343
over_UHM22.35746__k141_97825_65	NA
over_UHM22.35746__k141_30509_41	NA
over_UHM22.35746__k141_92737_12	K01785
over_UHM36.10832__k141_68461_1	NA
over_UHM36.10832__k141_55458_24	NA
over_UHM36.35751__k141_18335_16	K14347
over_UHM36.35751__k141_13512_249	K02005
over_UHM38.10833__k141_29377_4	K02316
over_UHM38.35752__k141_180945_27	NA
over_UHM38.35752__k141_99282_5	K02674
over_UHM38.35753__k141_73375_35	NA
over_UHM38.35753__k141_211344_4	NA
over_UHM38.35753__k141_148907_157	K01744
over_UHM40.10834__k141_78642_3	K03320
over_UHM40.35754__k141_92799_21	K21573
over_UHM56.10839__k141_40489_1036	K05367
over_UHM56.35760__k141_97615_2	NA
over_UHM72.35762__k141_91880_5	K00133
over_UHM72.35762__k141_47420_14	NA
over_UHM72.35763__k141_84298_113	K12678
over_UHM72.35763__k141_22769_56	K01953
over_UHM72.35764__k141_62485_100	K08151
over_UHM72.35764__k141_132840_206	NA
over_UHM739.35775__k141_333841_1	NA
over_UHM102.35765__k141_131657_5	NA
over_UHM102.35765__k141_69756_43	K00265
over_UHM102.35766__k141_171374_225	NA
over_UHM102.35767__k141_55821_5	NA
over_UHM125.35769__k141_233260_1	NA
over_UHM145.35772__k141_123065_306	NA
over_UHM145.35772__k141_120353_2	NA
over_UHM145.35773__k141_29884_12	K04069
over_UHM17.10826__k141_57160_2	K02854
over_UHM17.10826__k141_199327_2	NA
over_UHM17.10826__k141_51531_1	NA
over_UHM17.35740__k141_109627_1	NA
over_UHM18.35741__k141_18677_1	NA
over_UHM18.35741__k141_16985_2	NA
over_UHM18.35742__k141_2714_1	K01869
over_UHM18.35742__k141_24341_1	K25282
over_UHM20.35744__k141_178324_49	K02407
over_UHM20.35744__k141_43736_4	K15726
over_UHM20.35744__k141_181877_2	K06158
over_UHM22.35745__k141_49803_27	NA
over_UHM22.35745__k141_90575_470	NA
over_UHM22.35745__k141_54695_295	NA
over_UHM22.35745__k141_16373_1	NA
over_UHM22.35745__k141_61399_1	NA
over_UHM27.10829__k141_111705_35	K01753
over_UHM31.10830__k141_89565_64	K06020
over_UHM33.10831__k141_74636_10	NA
over_UHM33.10831__k141_78109_4	K07560
over_UHM38.35752__k141_2487_2	K07229
over_UHM40.10834__k141_25087_38	NA
over_UHM40.10834__k141_27525_2	K02338
over_UHM40.35755__k141_10862_1	NA
over_UHM40.35755__k141_152773_4	K03826
over_UHM40.35755__k141_26474_70	NA
over_UHM41.35756__k141_39770_7	NA
over_UHM44.10837__k141_58193_2	K07497
over_UHM44.10837__k141_70968_449	K06152
over_UHM44.10837__k141_51910_46	K02083
over_UHM56.10839__k141_25047_1	NA
over_UHM72.35762__k141_32820_1	K01406
over_UHM72.35762__k141_80387_4	NA
over_UHM72.35762__k141_114209_1	K00954
over_UHM72.35763__k141_18862_10	K03572
over_UHM72.35763__k141_75216_11	K03924
over_UHM72.35764__k141_79117_112	K04771
over_UHM72.35764__k141_35202_55	NA
over_UHM72.35764__k141_130901_1	NA
over_UHM72.35764__k141_108509_233	K03555
over_UHM739.35775__k141_490099_1	NA
over_UHM102.35765__k141_56273_205	K02492
over_UHM102.35767__k141_90243_3	NA
over_UHM102.35767__k141_40473_3	NA
over_UHM145.35771__k141_65500_3	NA
over_UHM145.35771__k141_38507_121	K02198
over_UHM145.35772__k141_30037_43	NA
over_UHM145.35772__k141_8258_1	NA
over_UHM145.35773__k141_158233_94	K01414
over_UHM18.35741__k141_137825_6	NA
over_UHM18.35741__k141_102436_1	NA
over_UHM18.35742__k141_165897_64	K01183
over_UHM18.35742__k141_167699_40	NA
over_UHM18.35742__k141_149168_2	NA
over_UHM20.35743__k141_10502_28	K13633
over_UHM22.35745__k141_23089_2	NA
over_UHM22.35746__k141_126465_1	NA
over_UHM31.35748__k141_115521_1	K00059
over_UHM33.10831__k141_69877_5	K06217
over_UHM36.35751__k141_43057_2	NA
over_UHM38.35753__k141_191195_1	NA
over_UHM38.35753__k141_211344_6	NA
over_UHM40.10834__k141_57623_4	K13598
over_UHM44.10837__k141_70968_226	NA
over_UHM56.35760__k141_114355_141	K03151
over_UHM72.35762__k141_72049_36	NA
over_UHM72.35762__k141_79870_146	K01190
over_UHM72.35762__k141_79870_146	K15923
over_UHM72.35762__k141_121192_50	NA
over_UHM72.35762__k141_55426_1	NA
over_UHM72.35764__k141_54202_173	NA
over_UHM125.35770__k141_9788_1	NA
over_UHM145.35771__k141_24669_207	NA
over_UHM145.35771__k141_137729_37	K02390
over_UHM145.35771__k141_69543_1	NA
over_UHM18.35741__k141_90848_3	K03592
over_UHM18.35741__k141_99701_1	NA
over_UHM18.35741__k141_79762_1	NA
over_UHM18.35741__k141_57887_1	K06866
over_UHM18.35741__k141_22599_1	K03406
over_UHM18.35742__k141_49962_8	K01187
over_UHM18.35742__k141_23069_2	NA
over_UHM18.35742__k141_50100_6	K01706
over_UHM22.35745__k141_32966_1	K01406
over_UHM22.35745__k141_90575_440	NA
over_UHM22.35745__k141_92677_2	K11907
over_UHM22.35746__k141_137572_1	NA
over_UHM22.35746__k141_133770_167	K07397
over_UHM22.35747__k141_92304_112	K15923
over_UHM31.10830__k141_45364_29	NA
over_UHM36.10832__k141_89031_2	NA
over_UHM38.35752__k141_136144_77	K00124
over_UHM38.35752__k141_106880_2	K01185
over_UHM38.35752__k141_32776_1	K00525
over_UHM38.35752__k141_32980_10	K01637
over_UHM38.35753__k141_99257_8	NA
over_UHM38.35753__k141_269124_3	NA
over_UHM38.35753__k141_76596_3	K03294
over_UHM44.10837__k141_72970_2	NA
over_UHM44.10837__k141_35467_141	K07154
over_UHM56.10839__k141_4202_54	NA
over_UHM72.35762__k141_19990_31	K07264
over_UHM72.35762__k141_92813_76	NA
over_UHM72.35763__k141_61998_1	K13735
over_UHM72.35763__k141_19444_2	K01712
over_UHM72.35764__k141_118527_85	K02031
over_UHM739.35775__k141_233763_1	NA
over_UHM102.35765__k141_4801_1	K02358
over_UHM102.35765__k141_52000_237	NA
over_UHM102.35766__k141_52087_2	NA
over_UHM125.35770__k141_257141_3	K07056
over_UHM145.35772__k141_309_1	NA
over_UHM18.35742__k141_103447_197	K03531
over_UHM18.35742__k141_92983_422	NA
over_UHM18.35742__k141_75373_3	K08295
over_UHM20.35743__k141_39947_33	K02429
over_UHM20.35743__k141_56291_18	K01079
over_UHM22.35745__k141_90439_2	K07497
over_UHM22.35745__k141_90575_249	K14347
over_UHM22.35746__k141_58889_2	NA
over_UHM22.35747__k141_40280_19	NA
over_UHM22.35747__k141_105679_19	K01873
over_UHM22.35747__k141_42933_1	NA
over_UHM31.10830__k141_49607_9	K01889
over_UHM36.35751__k141_34807_1	NA
over_UHM38.10833__k141_39698_1	NA
over_UHM38.35753__k141_209342_163	K01142
over_UHM40.35754__k141_82217_1	NA
over_UHM41.10835__k141_3956_1	K05601
over_UHM56.35760__k141_26105_9	NA
over_UHM72.35762__k141_60046_2	K00820
over_UHM72.35762__k141_126900_2	NA
over_UHM72.35762__k141_22795_5	NA
over_UHM72.35763__k141_98111_12	K02200
over_UHM72.35763__k141_98111_12	K04017
over_UHM72.35764__k141_102865_26	K05844
over_UHM72.35764__k141_132840_50	NA
over_UHM125.35770__k141_227714_45	NA
over_UHM145.35771__k141_7704_75	K01190
over_UHM145.35773__k141_231701_1	NA
over_UHM17.10826__k141_98263_17	NA
over_UHM17.10826__k141_221369_1	NA
over_UHM17.10826__k141_280386_1	NA
over_UHM20.10828__k141_70933_12	K13735
over_UHM22.35746__k141_134900_1	NA
over_UHM22.35746__k141_17004_89	NA
over_UHM22.35747__k141_42361_646	NA
over_UHM31.10830__k141_29384_36	K20276
over_UHM33.10831__k141_9560_2	NA
over_UHM38.10833__k141_47793_1	NA
over_UHM38.35752__k141_148569_1	NA
over_UHM38.35752__k141_215833_1	NA
over_UHM41.35756__k141_13240_2	NA
over_UHM72.35762__k141_22266_2	NA
over_UHM72.35763__k141_85397_71	K18902
over_UHM72.35764__k141_66284_4	NA
over_UHM102.35766__k141_78107_2	NA
over_UHM102.35767__k141_225147_4	NA
over_UHM125.35769__k141_99931_3	NA
over_UHM125.35769__k141_165893_1	NA
over_UHM125.35770__k141_125044_24	NA
over_UHM145.35771__k141_56073_3	NA
over_UHM145.35771__k141_85386_127	K00131
over_UHM145.35771__k141_54638_1	K13735
over_UHM145.35772__k141_47987_148	K01414
over_UHM17.10826__k141_185209_1	K07126
over_UHM18.10827__k141_46727_2	NA
over_UHM18.35741__k141_18699_2	NA
over_UHM18.35742__k141_36622_4	K02443
over_UHM20.35744__k141_75989_1	K02111
over_UHM22.35746__k141_97825_71	K15923
over_UHM22.35746__k141_129678_1	NA
over_UHM22.35747__k141_105587_1	NA
over_UHM27.10829__k141_21139_1	NA
over_UHM38.35752__k141_218273_1	NA
over_UHM38.35752__k141_206128_45	K00525
over_UHM38.35752__k141_71424_7	K00809
over_UHM40.10834__k141_94863_1	NA
over_UHM41.10835__k141_14617_143	K03439
over_UHM56.35760__k141_4098_186	NA
over_UHM72.35762__k141_85609_48	K05711
over_UHM72.35762__k141_71335_1	NA
over_UHM72.35764__k141_79117_53	K03070
over_UHM145.35771__k141_42727_6	K02519
over_UHM145.35771__k141_68015_1	NA
over_UHM18.35742__k141_97909_1	NA
over_UHM18.35742__k141_57542_63	NA
over_UHM18.35742__k141_215974_65	K03650
over_UHM22.35745__k141_50516_407	NA
over_UHM22.35746__k141_145130_7	K07165
over_UHM22.35746__k141_45148_38	K03587
over_UHM22.35747__k141_56395_76	NA
over_UHM22.35747__k141_85689_2	K03046
over_UHM31.35749__k141_31883_86	NA
over_UHM36.10832__k141_43607_1	NA
over_UHM40.35754__k141_35242_1	NA
over_UHM40.35754__k141_33931_5	NA
over_UHM44.10837__k141_19083_12	NA
over_UHM72.35763__k141_25216_80	K00656
over_UHM72.35763__k141_10304_7	K03106
over_UHM72.35763__k141_85712_284	NA
over_UHM72.35764__k141_128716_27	NA
over_UHM125.35770__k141_274401_33	K13735
over_UHM125.35770__k141_274401_33	K20276
over_UHM125.35770__k141_322834_1	NA
over_UHM145.35773__k141_61235_1	NA
over_UHM145.35773__k141_147490_1	NA
over_UHM18.35741__k141_58807_2	NA
over_UHM22.35745__k141_103983_1	NA
over_UHM22.35746__k141_97825_73	K05989
over_UHM22.35746__k141_92521_5	K01449
over_UHM22.35746__k141_148235_3	NA
over_UHM22.35747__k141_125838_23	K00248
over_UHM22.35747__k141_125838_23	K00249
over_UHM22.35747__k141_125838_215	K04079
over_UHM27.10829__k141_15962_3	NA
over_UHM36.10832__k141_110204_80	NA
over_UHM38.35752__k141_47157_1	NA
over_UHM38.35752__k141_199269_1	NA
over_UHM40.35754__k141_17771_1	NA
over_UHM41.35756__k141_63966_5	NA
over_UHM56.10839__k141_40489_916	NA
over_UHM56.35761__k141_42493_33	NA
over_UHM72.35762__k141_64607_20	NA
over_UHM72.35763__k141_55223_323	K07004
over_UHM72.35763__k141_55223_323	K11751
over_UHM125.35768__k141_61905_2	K03168
over_UHM145.35771__k141_55865_131	K05540
over_UHM145.35771__k141_43088_1	NA
over_UHM145.35772__k141_69413_1	NA
over_UHM145.35772__k141_70997_1	NA
over_UHM145.35773__k141_90549_1	NA
over_UHM145.35773__k141_101278_2	K02986
over_UHM18.35742__k141_179630_7	NA
over_UHM18.35742__k141_74486_3	NA
over_UHM22.35745__k141_45856_140	K03168
over_UHM33.10831__k141_14956_175	K03521
over_UHM36.10832__k141_127925_74	K07003
over_UHM36.35751__k141_80626_1	NA
over_UHM38.10833__k141_44433_3	K09022
over_UHM38.35752__k141_131199_1	NA
over_UHM40.35754__k141_126792_2	K07795
over_UHM41.35757__k141_45942_8	K13735
over_UHM72.35762__k141_81619_1	K01433
over_UHM72.35763__k141_15439_1	NA
over_UHM72.35764__k141_38198_1	NA
over_UHM145.35771__k141_44824_1	NA
over_UHM145.35773__k141_206192_2	K02020
over_UHM145.35773__k141_228348_1	NA
over_UHM17.10826__k141_234060_1	NA
over_UHM18.10827__k141_95151_3	K01992
over_UHM18.10827__k141_65165_2	K16844
over_UHM18.35742__k141_167709_116	K07795
over_UHM22.35745__k141_50516_570	NA
over_UHM22.35746__k141_40566_38	K02198
over_UHM31.10830__k141_30522_1	NA
over_UHM40.35754__k141_45090_1	K00573
over_UHM41.35757__k141_81511_43	NA
over_UHM56.35760__k141_118278_200	NA
over_UHM72.35762__k141_100344_1	NA
over_UHM72.35763__k141_67839_4	K05592
over_UHM739.35775__k141_409583_1	NA
over_UHM740.35774__k141_548046_2	K09889
over_UHM145.35773__k141_107865_1	NA
over_UHM20.35743__k141_124265_2	K00241
over_UHM31.10830__k141_87349_2	K01588
over_UHM31.35749__k141_154691_7	K00609
over_UHM45.35759__k141_116153_1	NA
over_UHM45.35759__k141_84608_14	K15125
over_UHM72.35764__k141_84228_13	K13735
over_UHM72.35764__k141_107495_18	K07638
over_UHM72.35764__k141_163677_39	K11927
over_UHM72.35764__k141_122950_1	K01962
over_UHM739.35775__k141_251243_2	NA
over_UHM102.35767__k141_25677_1	K11249
over_UHM125.35769__k141_205301_1	NA
over_UHM145.35771__k141_18509_1	NA
over_UHM145.35772__k141_7016_1	NA
over_UHM145.35773__k141_205738_1	NA
over_UHM145.35773__k141_145013_1	NA
over_UHM17.10826__k141_155147_1	NA
over_UHM18.35742__k141_2122_107	K03466
over_UHM36.10832__k141_108643_4	K13609
over_UHM36.35750__k141_50330_1	NA
over_UHM36.35750__k141_105733_1	NA
over_UHM38.35752__k141_68789_19	NA
over_UHM40.35754__k141_69667_1	NA
over_UHM40.35755__k141_122050_1	NA
over_UHM56.35761__k141_105993_2	NA
over_UHM739.35775__k141_2043_1	NA
over_UHM739.35775__k141_435386_1	K05995
over_UHM145.35771__k141_123337_1	NA
over_UHM145.35773__k141_152860_2	NA
over_UHM20.35744__k141_58594_1	K21908
over_UHM22.35745__k141_118979_1	NA
over_UHM22.35746__k141_90656_36	K02996
over_UHM22.35747__k141_60070_93	K03615
over_UHM22.35747__k141_125838_188	K06861
over_UHM31.35749__k141_101151_18	NA
over_UHM38.35752__k141_99278_1	NA
over_UHM38.35752__k141_238976_1	NA
over_UHM72.35762__k141_95400_217	K03168
over_UHM72.35763__k141_85712_130	NA
over_UHM72.35764__k141_62515_118	K00548
over_UHM740.35774__k141_1183454_1	NA
over_UHM102.35766__k141_168469_3	K01719
over_UHM145.35771__k141_83840_1	NA
over_UHM145.35771__k141_79850_221	K02198
over_UHM145.35771__k141_107729_6	K00548
over_UHM145.35772__k141_82455_2	NA
over_UHM17.10826__k141_81599_1	K14415
over_UHM17.10826__k141_83956_1	NA
over_UHM18.35741__k141_90906_1	K11720
over_UHM18.35741__k141_113909_1	NA
over_UHM18.35741__k141_129565_1	K15633
over_UHM18.35741__k141_25533_1	NA
over_UHM22.35745__k141_58277_1	NA
over_UHM36.10832__k141_65625_1	K02013
over_UHM36.35750__k141_58241_332	K02994
over_UHM38.10833__k141_53827_1	NA
over_UHM40.10834__k141_115540_1	K00382
over_UHM40.10834__k141_118477_2	NA
over_UHM43.10836__k141_146476_130	NA
over_UHM56.35760__k141_5171_1	NA
over_UHM56.35761__k141_83381_18	NA
over_UHM56.35761__k141_511_341	K13735
over_UHM56.35761__k141_98595_37	NA
over_UHM72.35763__k141_18370_1	NA
over_UHM740.35774__k141_978264_1	K15738
over_UHM18.10827__k141_80606_2	NA
over_UHM18.35741__k141_28775_4	K13735
over_UHM18.35741__k141_11422_2	NA
over_UHM18.35741__k141_48373_1	NA
over_UHM18.35741__k141_30347_1	NA
over_UHM18.35742__k141_132673_1	NA
over_UHM18.35742__k141_19870_1	NA
over_UHM31.10830__k141_96932_1	NA
over_UHM33.10831__k141_105726_1	K01223
over_UHM36.10832__k141_49558_2	NA
over_UHM40.10834__k141_88401_3	NA
over_UHM40.35754__k141_8671_1	K02836
over_UHM41.10835__k141_69402_1	NA
over_UHM56.35761__k141_209771_1	K03521
over_UHM72.35762__k141_83813_429	K03406
over_UHM72.35762__k141_97611_2	NA
over_UHM740.35774__k141_83746_5	K06165
over_UHM740.35774__k141_83746_5	K06166
over_UHM125.35768__k141_109762_1	NA
over_UHM125.35770__k141_10648_1	K02298
over_UHM18.35741__k141_31876_11	NA
over_UHM18.35741__k141_122594_1	NA
over_UHM20.35743__k141_95188_1	NA
over_UHM22.35745__k141_60579_324	NA
over_UHM27.10829__k141_125444_1	NA
over_UHM31.10830__k141_52375_1	K02410
over_UHM38.35752__k141_30059_2	NA
over_UHM40.35754__k141_120335_1	NA
over_UHM41.35756__k141_87886_116	K01458
over_UHM739.35775__k141_196662_2	NA
over_UHM145.35771__k141_139399_1	NA
over_UHM145.35771__k141_62818_1	NA
over_UHM17.10826__k141_172254_1	NA
over_UHM17.10826__k141_97085_22	NA
over_UHM18.10827__k141_141674_7	NA
over_UHM18.35741__k141_89196_1	NA
over_UHM18.35741__k141_85650_1	NA
over_UHM20.35743__k141_116270_59	NA
over_UHM20.35744__k141_59174_1	NA
over_UHM20.35744__k141_172681_5	K01531
over_UHM22.35745__k141_13539_1	NA
over_UHM31.35748__k141_108611_1	NA
over_UHM36.35750__k141_26669_24	K20975
over_UHM36.35750__k141_61669_26	NA
over_UHM38.10833__k141_47914_2	K03569
over_UHM72.35762__k141_9489_1	NA
over_UHM145.35771__k141_55467_1	NA
over_UHM145.35772__k141_112416_1	NA
over_UHM145.35773__k141_228942_1	NA
over_UHM17.10826__k141_231697_2	NA
over_UHM18.35742__k141_154957_1	NA
over_UHM20.35743__k141_99080_1	NA
over_UHM22.35745__k141_104659_2	K01955
over_UHM22.35747__k141_42361_691	K03296
over_UHM31.10830__k141_30733_2	NA
over_UHM36.10832__k141_37225_1	NA
over_UHM36.10832__k141_14280_1	K07307
over_UHM36.35750__k141_55800_10	NA
over_UHM38.10833__k141_40376_1	K01879
over_UHM38.35752__k141_148507_1	NA
over_UHM40.35754__k141_48498_1	NA
over_UHM72.35762__k141_29069_2	NA
over_UHM740.35774__k141_1179440_1	NA
over_UHM145.35773__k141_130971_2	K06891
over_UHM17.10826__k141_234216_1	K02015
over_UHM18.10827__k141_50600_7	NA
over_UHM18.10827__k141_142030_1	NA
over_UHM18.35741__k141_37926_4	NA
over_UHM18.35742__k141_54383_68	K01697
over_UHM20.35743__k141_111831_1	K00053
over_UHM20.35744__k141_135470_1	K03500
over_UHM20.35744__k141_156762_2	NA
over_UHM22.35745__k141_36396_1	K13378
over_UHM22.35746__k141_149942_70	K07687
over_UHM22.35746__k141_29543_148	NA
over_UHM27.10829__k141_26971_1	K03088
over_UHM27.10829__k141_26971_1	K23514
over_UHM31.10830__k141_82085_2	NA
over_UHM31.10830__k141_30733_3	NA
over_UHM38.35752__k141_165377_1	NA
over_UHM38.35752__k141_81208_1	NA
over_UHM38.35752__k141_155666_6	NA
over_UHM40.35755__k141_119772_1	NA
over_UHM72.35762__k141_37142_25	K00370
over_UHM72.35762__k141_41051_1	NA
over_UHM739.35775__k141_267804_1	NA
over_UHM102.35766__k141_164752_1	NA
over_UHM145.35771__k141_135260_1	NA
over_UHM145.35771__k141_57774_17	NA
over_UHM145.35772__k141_107897_1	NA
over_UHM145.35773__k141_231688_76	NA
over_UHM18.10827__k141_86874_1	K08088
over_UHM18.10827__k141_26542_1	NA
over_UHM18.35741__k141_4849_2	NA
over_UHM18.35741__k141_83315_1	NA
over_UHM18.35742__k141_154964_299	K07795
over_UHM20.35743__k141_53863_23	NA
over_UHM27.10829__k141_28559_2	NA
over_UHM31.10830__k141_45409_65	NA
over_UHM31.10830__k141_85034_1	NA
over_UHM33.10831__k141_53809_253	K02343
over_UHM36.10832__k141_112416_1	K00615
over_UHM36.35751__k141_50824_1	NA
over_UHM38.10833__k141_49605_1	NA
over_UHM38.35752__k141_71503_2	NA
over_UHM40.10834__k141_120181_1	K01893
over_UHM72.35762__k141_84109_1	NA
over_UHM72.35764__k141_19527_319	K03406
over_UHM72.35764__k141_97529_1	NA
over_UHM740.35774__k141_1542267_46	K01889
over_UHM740.35774__k141_95542_2	NA
over_UHM145.35773__k141_84295_2	NA
over_UHM18.10827__k141_128846_1	NA
over_UHM18.35741__k141_76782_3	NA
over_UHM20.35744__k141_209451_3	NA
over_UHM22.35747__k141_61929_186	NA
over_UHM27.10829__k141_2048_1	NA
over_UHM38.35752__k141_45874_20	NA
over_UHM38.35752__k141_204901_63	K01939
over_UHM40.35755__k141_90295_82	NA
over_UHM72.35763__k141_43581_7	NA
over_UHM72.35763__k141_91357_1	K07483
over_UHM72.35764__k141_3992_22	K03046
over_UHM739.35775__k141_410925_1	K09768
over_UHM102.35766__k141_80549_1	K19693
over_UHM17.10826__k141_222296_1	K00957
over_UHM18.35741__k141_54773_1	NA
over_UHM18.35741__k141_101934_1	K01912
over_UHM18.35742__k141_172200_54	NA
over_UHM20.35744__k141_38459_3	NA
over_UHM27.10829__k141_148146_2	K02895
over_UHM31.35748__k141_43828_1	K07164
over_UHM36.35750__k141_32077_2	K03521
over_UHM40.35755__k141_150561_1	NA
over_UHM72.35762__k141_120989_1	NA
over_UHM145.35773__k141_49318_232	NA
over_UHM17.35740__k141_89998_5	NA
over_UHM18.35741__k141_30265_1	K17321
over_UHM22.35746__k141_133847_2	NA
over_UHM38.35752__k141_45874_22	K13043
over_UHM56.35761__k141_110858_21	NA
over_UHM56.35761__k141_88099_1	NA
over_UHM72.35764__k141_62515_32	NA
over_UHM72.35764__k141_13360_10	K01869
over_UHM145.35771__k141_140099_4	K03544
over_UHM145.35772__k141_102139_53	K04043
over_UHM145.35773__k141_117562_3	K13735
over_UHM145.35773__k141_7581_1	NA
over_UHM18.35741__k141_9578_1	K01190
over_UHM18.35741__k141_114134_1	NA
over_UHM36.35750__k141_79637_1	NA
over_UHM38.35752__k141_181670_1	K03406
over_UHM38.35752__k141_20552_1	NA
over_UHM38.35753__k141_120923_6	NA
over_UHM72.35762__k141_100843_8	K02967
over_UHM72.35762__k141_27433_1	K15536
over_UHM72.35763__k141_77455_262	K16135
over_UHM72.35763__k141_77455_262	K21742
over_UHM72.35764__k141_5703_8	K03043
over_UHM740.35774__k141_621947_1	K00891
over_UHM145.35772__k141_106855_203	NA
over_UHM20.35743__k141_85907_1	K07448
over_UHM22.35745__k141_90457_91	K01676
over_UHM22.35746__k141_153696_1	NA
over_UHM22.35747__k141_42361_858	K01755
over_UHM27.10829__k141_49381_3	K03791
over_UHM36.35751__k141_80067_1	NA
over_UHM38.10833__k141_58280_1	NA
over_UHM38.35752__k141_75434_1	NA
over_UHM40.35754__k141_102560_2	NA
over_UHM43.10836__k141_17714_2	NA
over_UHM72.35762__k141_90358_1	NA
over_UHM102.35766__k141_66682_2	K03699
over_UHM145.35771__k141_55522_1	NA
over_UHM18.35742__k141_113254_24	K11103
over_UHM20.35744__k141_111814_1	NA
over_UHM38.10833__k141_29074_1	K01874
over_UHM38.35752__k141_206461_1	K09011
over_UHM38.35753__k141_269120_12	K09386
over_UHM40.35754__k141_74217_3	NA
over_UHM41.35756__k141_59145_1	NA
over_UHM43.10836__k141_100305_11	K21966
over_UHM72.35764__k141_102686_116	K00548
over_UHM72.35764__k141_150738_1	K07677
over_UHM102.35766__k141_2057_1	K03696
over_UHM125.35769__k141_156255_1	NA
over_UHM145.35771__k141_39219_2	NA
over_UHM145.35773__k141_182563_1	NA
over_UHM17.10826__k141_104687_6	K06132
over_UHM18.35741__k141_45357_1	NA
over_UHM20.35743__k141_128363_36	K01903
over_UHM20.35743__k141_90921_2	K18707
over_UHM20.35744__k141_122272_1	NA
over_UHM22.35745__k141_62345_18	NA
over_UHM22.35745__k141_18719_1	NA
over_UHM22.35747__k141_117628_52	K00163
over_UHM27.10829__k141_87505_1	NA
over_UHM27.10829__k141_86023_1	NA
over_UHM27.10829__k141_28882_1	NA
over_UHM31.35749__k141_170808_5	K21394
over_UHM36.35751__k141_26250_2	NA
over_UHM40.35754__k141_11347_1	NA
over_UHM72.35762__k141_48205_25	K00370
over_UHM72.35764__k141_56701_23	K02041
over_UHM72.35764__k141_21517_28	K07677
over_UHM72.35764__k141_21517_28	K07679
