"","baseMean","log2FoldChange","lfcSE","stat","pvalue","padj"
"UHM102.35765__k141_44818_162",423.274194573128,-2.0038191637373,1.26410811802865,-1.58516438203262,0.112928990761272,0.750071475719122
"UHM102.35766__k141_35154_102",543.838032589952,-2.02878379510331,1.2323924072814,-1.64621575329137,0.0997193470608006,0.722069938066597
"UHM102.35767__k141_49600_93",484.954529699311,-2.06596639415096,1.09854895769445,-1.88063206439779,0.0600219868443203,0.544128511029766
"UHM102.35767__k141_136666_93",318.844327210764,-2.1120224893727,1.36203854929023,-1.55063341670711,0.120989559209677,0.758388574127194
"UHM125.35768__k141_97908_49",145.460523317965,-2.05457058848497,0.638365492660517,-3.21848629367814,0.00128869129619004,0.0264745537260686
"UHM125.35768__k141_154779_57",506.191070249566,-4.10333283176219,1.23200931923727,-3.33060210478159,0.00086658375468035,0.018235304935444
"UHM125.35768__k141_158109_184",678.726139377751,-4.08947021073084,1.32341323147519,-3.09009318742595,0.00200093705207675,0.0397859030600333
"UHM125.35769__k141_116773_2",460.551636581244,-2.31746190034553,1.34915125605761,-1.71771837289575,0.0858479964801615,0.673482702079673
"UHM125.35769__k141_19257_2",581.310597456991,-2.02838851405841,1.268488421184,-1.59905954219521,0.109807373144688,0.744361671177133
"UHM125.35769__k141_38392_19",543.954091989182,-4.10180068803729,1.22359843860547,-3.35224413387785,0.000801592983533942,0.0169542004254141
"UHM125.35769__k141_30988_53",911.712587111751,-2.01161368219825,1.35221069978133,-1.48764810286116,0.136843720615387,0.770322900789229
"UHM125.35769__k141_266778_1",367.420268480293,-2.01048373552919,1.35310322369284,-1.48583175350234,0.137323628858564,0.770408283206746
"UHM125.35769__k141_53572_2",734.481609017946,-2.00846085552041,1.28919291041102,-1.55792111428853,0.119251949332653,0.757546962631085
"UHM125.35770__k141_40696_40",271.646073066913,-2.07938182396466,1.24131917875229,-1.6751387230275,0.0939070169061178,0.703575767156249
"UHM125.35770__k141_81730_133",569.091619890525,-3.96884613044943,1.19957983489604,-3.30853021615971,0.000937870637567396,0.0196447163792012
"UHM125.35770__k141_116528_24",285.356953869077,-3.90755304394252,1.04586867019183,-3.73617946049175,0.000186837349480242,0.00539162192847208
"UHM125.35770__k141_302838_220",237.509352134449,-3.87492798058519,0.969902048156307,-3.99517455185404,6.4646605717599e-05,0.00413578410481948
"UHM145.35771__k141_10742_141",356.327966962278,-2.05380867629434,0.726357838475575,-2.82754390123292,0.00469065833607796,0.0810300705143453
"UHM145.35771__k141_71861_314",308.16019273949,-2.05126164266469,0.897286874875706,-2.28607115528001,0.0222500961507915,0.28444246955632
"UHM145.35771__k141_95261_7",294.156668988625,-2.17849920804558,0.976243949049716,-2.23151109941951,0.0256472931216151,0.313517982927173
"UHM145.35772__k141_41440_156",923.535915835489,-2.06129113408142,0.831177204306876,-2.47996591268446,0.0131394943265905,0.186915240064945
"UHM145.35772__k141_33013_402",332.827409536432,-2.23126150427381,0.953169978621194,-2.34088520863973,0.0192380810902473,0.255347430533383
"UHM145.35773__k141_148005_39",2105.14829536092,-2.02615541754989,1.11150151100299,-1.8228993820454,0.0683186315478012,0.591687294499716
"UHM145.35773__k141_214690_121",310.303256351699,-2.00279944332349,1.24089248964223,-1.61399916595589,0.106527607196525,0.739596166327452
"UHM145.35773__k141_214690_217",951.418004635563,-2.08341879202285,1.04700411884625,-1.989885956054,0.0466034997567908,0.459264035278703
"UHM145.35773__k141_214690_313",469.518411756737,-2.68501782864487,1.28722000620895,-2.08590436420626,0.0369872868977355,0.395888266099767
"UHM145.35773__k141_132828_13",916.801077151919,-2.10127429870635,1.24526709681364,-1.68740851186308,0.0915248282558446,0.694740247637658
"UHM145.35773__k141_232858_93",139.826495126422,-2.30255911683584,0.657555472256245,-3.50169561958804,0.000462307448146464,0.0102249377470699
"UHM145.35773__k141_5351_34",647.427319759394,-2.04618937692076,1.20776575807039,-1.69419389749043,0.0902284440834113,0.689430304840198
"UHM145.35773__k141_5351_130",2164.04337411653,-2.13386084139918,1.12207483205144,-1.9017099220539,0.057209088003575,0.526338967450069
"UHM145.35773__k141_5351_290",665.662732508475,-2.08454843734998,1.13370351794714,-1.83870686149461,0.065958313658956,0.578825626743956
"UHM145.35773__k141_5351_322",897.357592902176,-2.00231360195885,1.02525679439723,-1.95298740071852,0.050821088144757,0.486925827167079
"UHM145.35773__k141_219263_75",421.089840011175,-2.25059418145584,1.34553796820927,-1.67263520958169,0.0943991310712363,0.705189859800019
"UHM145.35773__k141_171720_38",1035.39251812909,-2.01306811022402,1.23775461383482,-1.62638707844289,0.103867337894376,0.732167541399794
"UHM145.35773__k141_171720_70",894.123720147486,-2.12160476075691,1.26801291156757,-1.67317283712364,0.094293276016253,0.704836683546191
"UHM145.35773__k141_171720_262",512.398840376094,-2.11107036639538,1.25841923863707,-1.67755728900154,0.0934335567125011,0.702260625848879
"UHM145.35773__k141_172489_50",421.961413224913,-2.13503392165092,1.32417649138585,-1.61234845622161,0.106886134412456,0.740137997166835
"UHM17.10826__k141_179496_29",373.517794459113,-2.11711045613152,0.529338790543532,-3.9995377137535,6.34663338805158e-05,0.00413578410481948
"UHM17.10826__k141_10321_188",295.147453647993,-2.41445767186657,1.35979531599869,-1.77560375702081,0.0757982503316386,0.628445767152918
"UHM17.10826__k141_265484_69",923.840090429294,-4.47132922551723,1.35503842676108,-3.29978038792962,0.000967605152849155,0.0202137779616062
"UHM17.10826__k141_296939_86",946.968754757288,-2.01847634384978,1.37683464347862,-1.46602669638674,0.142641014073886,0.774085599548773
"UHM17.10826__k141_296939_214",1424.19726414923,-2.0113412962056,1.21371797221935,-1.65717352980095,0.0974843965471771,0.714921334637399
"UHM17.10826__k141_14054_18",337.259053872948,-2.13704823703902,1.24225897702317,-1.72029204583415,0.0853793685871107,0.671569896387068
"UHM17.10826__k141_223834_45",736.045186551967,-2.77048756572984,1.09729332582171,-2.52483770796215,0.0115751730580268,0.167690964470909
"UHM17.10826__k141_223834_77",244.209287288529,-2.15322234263708,1.29261593360632,-1.66578663209707,0.0957559196297633,0.709401562326734
"UHM17.10826__k141_7642_128",446.719663487594,-2.0676695593122,1.28813794485388,-1.60516159590869,0.108458246667296,0.742885471898315
"UHM17.10826__k141_34651_121",926.954377614011,-2.03916479792478,1.00468540834232,-2.0296550352904,0.0423916164699514,0.432009517661605
"UHM17.10826__k141_34651_185",660.691960868155,-2.00875089215172,1.29698331428327,-1.5487869967408,0.121432932418822,0.759135462133049
"UHM17.35739__k141_9807_184",369.366244187472,-2.25491888161552,0.971146924181893,-2.32191321978916,0.0202376088388222,0.265361702214876
"UHM17.35739__k141_80560_8",457.750380842392,-3.41618615054091,1.07936437184717,-3.16499806705182,0.00155083981384264,0.0314131179781691
"UHM17.35739__k141_80560_72",286.21878218922,-2.12051751651942,1.26939866392619,-1.67048979708294,0.0948224964179765,0.706524239458034
"UHM17.35739__k141_42889_34",1062.46860787812,-2.61792955829254,1.28013926022595,-2.04503497364065,0.0408514102406376,0.421168656834126
"UHM17.35739__k141_91267_452",845.671940675027,-2.05028211742399,1.24828049893497,-1.64248509783921,0.100489511998,0.724207728136261
"UHM17.35739__k141_97452_38",2013.37509231816,-2.14781084124522,0.998111065669872,-2.15187559292686,0.031407154042493,0.356932438169133
"UHM17.35739__k141_33266_352",1333.65832658929,-2.02009361131179,1.27145752758966,-1.58880148764493,0.112105217313998,0.748261309981162
"UHM17.35739__k141_95952_11",127.808480503873,-2.22808862353848,0.658012334724334,-3.38608944841727,0.000708962707194252,0.0151279719734876
"UHM17.35740__k141_23780_9",1661.05011104461,-2.34183796050589,1.21221196965304,-1.93187166859619,0.0533753474344458,0.502834544833443
"UHM17.35740__k141_23780_73",375.273567809338,-2.03026315391651,1.28137554869487,-1.58444037424033,0.113093540279349,0.750350521010756
"UHM17.35740__k141_89058_134",732.782708473731,-2.16368935004675,1.28886006876204,-1.67876203358911,0.0931984306760429,0.70174368397609
"UHM17.35740__k141_142151_79",260.7041698286,-2.03707965208951,1.28802629792523,-1.58155128926394,0.113752041505494,0.75163228779847
"UHM17.35740__k141_36009_1",673.306840861412,-2.1768942765179,0.969390660620746,-2.24563157553419,0.0247276162477492,0.306402032395853
"UHM17.35740__k141_124649_2",1330.7061816483,-2.6776623395354,1.05972455901866,-2.52675312348618,0.0115122395909259,0.166946744640221
"UHM17.35740__k141_54758_63",275.370086358063,-3.57995838688936,0.926558465008046,-3.86371559063817,0.000111675239928719,0.00438111453935616
"UHM17.35740__k141_108156_101",1206.93284772371,-2.027129406059,1.07067273044103,-1.89332309343863,0.0583149158908135,0.533361075630157
"UHM17.35740__k141_114899_105",485.399319724696,-2.04415585348246,1.24557314921704,-1.64113673674437,0.100769034378249,0.724953505730108
"UHM17.35740__k141_92493_100",792.856345481963,-2.0304903449842,1.26834536587439,-1.60089704241115,0.109399724781648,0.743308038377612
"UHM17.35740__k141_53188_51",528.748623322277,-2.17702069606859,1.197383334642,-1.81814848518791,0.0690414411322073,0.595113668525793
"UHM18.10827__k141_45265_106",493.777093273428,-2.01191500746074,1.3025884258838,-1.54455157706139,0.122454766536837,0.759816002956754
"UHM18.10827__k141_67683_228",902.38719148303,-2.00781246053344,1.09096823980376,-1.8403949696048,0.0657102714660465,0.577294494368714
"UHM18.10827__k141_80909_189",338.111347113941,-2.05883093757283,1.33853276210946,-1.53812517396153,0.124018011880744,0.760486833017324
"UHM18.10827__k141_58716_60",595.444370455415,-2.12658581479327,1.18603578027603,-1.79301994944735,0.0729697342421251,0.61517973789393
"UHM18.10827__k141_10522_52",677.872734343898,-2.4233429655866,1.25677784301592,-1.92821903970812,0.0538278869372408,0.505942424762285
"UHM18.10827__k141_28166_42",538.147514615913,-2.05334603216268,1.28317987539122,-1.60020124344348,0.109553946404676,0.743600566037276
"UHM18.10827__k141_37472_38",844.804957290582,-2.17366098422238,1.19319122795562,-1.82172055349977,0.0684973976820129,0.592643069348429
"UHM18.10827__k141_37472_166",401.866440823655,-2.46076993059742,1.10008438940025,-2.23689196420557,0.0252934018931626,0.311035242897141
"UHM18.10827__k141_56259_162",632.927766260589,-2.62461885394871,1.13882714068726,-2.30466833830884,0.0211851554236548,0.274915154256664
"UHM18.10827__k141_69698_34",593.382900411471,-4.02950276988759,1.35734303943253,-2.96866941725522,0.00299092176381181,0.0565358497902734
"UHM18.10827__k141_123235_12",1967.56489691713,-2.32021508904736,1.07795641585864,-2.15242013026956,0.0313642796384813,0.356737574866039
"UHM18.10827__k141_123235_460",1051.08898358789,-2.07606411208618,1.19911186668975,-1.73133480683277,0.0833920668486575,0.663750998068912
"UHM18.10827__k141_123235_492",1075.29910881831,-2.15125090309767,1.05572171411475,-2.03770640911895,0.0415793028515195,0.426187854228074
"UHM18.35741__k141_4836_26",237.462473627248,-2.00552552105973,0.97854252150333,-2.04950268076103,0.0404129859753999,0.417907096256215
"UHM18.35741__k141_95420_38",311.579679793898,-2.12280722362786,1.20526882354333,-1.76127282325871,0.0781922375299708,0.640316100646436
"UHM18.35741__k141_136158_140",1579.66934201303,-2.00266355531562,1.02915978594795,-1.94592091787863,0.0516642398264946,0.492369628934328
"UHM18.35741__k141_23604_107",658.36960513047,-2.05835977275351,1.1075763176827,-1.85843606430666,0.0631071148597959,0.563160144380789
"UHM18.35741__k141_23604_139",539.892194950043,-2.15389946205644,1.20232930312646,-1.79143888155731,0.0732228941956575,0.616174744327576
"UHM18.35741__k141_2853_40",937.729344006919,-2.00335300337448,1.22933937537225,-1.62961753565232,0.103182355890488,0.730403500798156
"UHM18.35741__k141_42962_786",539.297736842946,-2.18400987073751,1.31218547791024,-1.66440637204409,0.0960312475465707,0.710158430276878
"UHM18.35741__k141_42962_882",529.390568888335,-3.29892799604203,1.24892361603791,-2.64141693989867,0.00825600480916209,0.126300982629726
"UHM18.35741__k141_108325_100",1205.7112239212,-2.00201022601427,1.18160580628499,-1.69431312487256,0.0902057978484219,0.689430304840198
"UHM18.35741__k141_22513_107",974.02837613331,-2.06870706459196,1.18282053254435,-1.74896107031724,0.0802977488988573,0.650012603284873
"UHM18.35742__k141_62311_41",728.217334080892,-2.05839442301065,1.22783657996709,-1.67644005447844,0.0936520287877145,0.703307577146851
"UHM18.35742__k141_62311_105",800.937366815538,-2.06523037579604,1.37235765106482,-1.50487766377344,0.13235553184649,0.767251838045169
"UHM18.35742__k141_69242_1",116.040965176589,-2.28521641264336,0.64102313497031,-3.56495154071031,0.000363923421368093,0.00837836241386713
"UHM18.35742__k141_158543_43",1101.3125351503,-2.03072624865439,1.16194038692415,-1.74770261151698,0.0805155363836549,0.651208565048428
"UHM18.35742__k141_158543_171",663.634032579324,-2.16483933128274,1.32978677543959,-1.62795973855816,0.103533423060523,0.73144807991057
"UHM18.35742__k141_14590_158",798.962048291126,-2.59905189082665,1.2129496379313,-2.14275334238886,0.0321329096128742,0.361253640651743
"UHM18.35742__k141_35461_46",235.041797706026,-2.22866492865018,0.772687100296758,-2.88430456234385,0.00392279164931505,0.0703754833205862
"UHM18.35742__k141_22081_80",558.059070553096,-2.15822941533815,1.29341884381054,-1.6686237607145,0.0951919669029724,0.707933866817516
"UHM18.35742__k141_166179_54",1136.4342421098,-2.0065534011059,1.23986155936467,-1.61836891058555,0.105583117898188,0.737184256356682
"UHM18.35742__k141_2182_214",838.320588216294,-2.10705761471801,1.29939674102436,-1.62156602998476,0.104896301137759,0.735481819464579
"UHM18.35742__k141_2182_406",723.625207804792,-2.07453623617095,1.21511987646286,-1.70726878586645,0.0877721050299536,0.680687563786588
"UHM18.35742__k141_2182_470",357.408743803627,-3.17604421003707,1.32347131438819,-2.39978318797585,0.0164047851829444,0.225015160664031
"UHM18.35742__k141_50078_45",954.48339252771,-2.16025599806596,1.26288832392355,-1.71056771778083,0.0871609426069841,0.678691814051533
"UHM18.35742__k141_50078_429",789.981516663507,-2.12859685137667,1.31275174502697,-1.6214770686387,0.104915364047369,0.735481819464579
"UHM18.35742__k141_147423_33",385.586084013977,-2.01363340777704,1.29897112650046,-1.55017564801609,0.121099363056987,0.758582871996817
"UHM18.35742__k141_44425_105",344.913536386596,-2.13615461456685,1.29591613375412,-1.64837411845368,0.0992759236820433,0.720980056697666
"UHM18.35742__k141_190564_13",362.105233037961,-3.0817956826804,0.795225360283578,-3.8753739966007,0.000106461058735142,0.00431386384537022
"UHM18.35742__k141_101568_262",327.297746305801,-3.90697290124013,1.19940346551602,-3.25743005883281,0.00112425960093646,0.0233065283579632
"UHM18.35742__k141_52742_179",470.723955148947,-2.23229071076132,1.32384787134935,-1.6862139216087,0.0917546034096974,0.695588492172156
"UHM18.35742__k141_53803_13",494.692897815121,-2.10256188984867,1.2907849962459,-1.62890171172096,0.103333827688031,0.730889240913658
"UHM20.35744__k141_58_11",410.867562374228,-2.0008767212372,1.30731194969325,-1.53052737084419,0.125886243810253,0.762470921140365
"UHM20.35744__k141_177389_15",753.097055747383,-2.37418536158405,1.39670235640344,-1.69985061648902,0.0891590278479182,0.68546010022163
"UHM20.35744__k141_197541_10",1372.8439610825,-2.05219213099876,1.20950441805953,-1.69672148390428,0.0897493289667219,0.687588752774498
"UHM20.35744__k141_164573_5",796.943977571976,-3.36886283936423,1.22412225553706,-2.75206403945839,0.00592209388928047,0.0969296731362243
"UHM20.35744__k141_151505_113",327.464629534715,-2.06492921538619,1.34176530339267,-1.53896453438242,0.123812954724451,0.760422520439806
"UHM20.35744__k141_41218_24",730.65729686688,-2.02550629629606,1.22424828423701,-1.65448979784229,0.0980280345271533,0.717329395657646
"UHM20.35744__k141_41609_33",3269.26366865473,-2.03484128218248,1.00154646696983,-2.03169932628177,0.0421841041751708,0.430654666156914
"UHM20.35744__k141_129177_11",395.940757958743,-2.00786385971811,1.26239576725621,-1.59051852976516,0.111717972241377,0.747755694130396
"UHM20.35744__k141_85082_61",134.992111704089,-2.20050245854815,0.605328296225362,-3.63522153560274,0.000277741858213103,0.00681825285479869
"UHM22.35745__k141_29372_2",527.951899731408,-2.11480863047964,0.917205098860134,-2.30570963147484,0.0211268625784086,0.274323064411762
"UHM22.35745__k141_54852_10",330.077108343397,-2.08406775203129,0.941232768695727,-2.21418954093492,0.0268157430503944,0.32189667004085
"UHM22.35747__k141_119116_87",117.070608628355,-2.52490778879144,0.640488763323874,-3.94215782286048,8.07518092732575e-05,0.00413578410481948
"UHM27.10829__k141_23263_2",277.093990047306,-2.01297045596747,1.39299455064094,-1.44506699975336,0.14843906720797,0.777212471345902
"UHM31.10830__k141_6543_8",532.593422182714,-3.99232188565732,1.25088991182882,-3.19158532489921,0.0014149431198844,0.0288629073004346
"UHM31.10830__k141_47165_139",350.086525259675,-4.01095431888143,1.10587795393629,-3.62694120504413,0.000286798565925811,0.00696753229440572
"UHM31.10830__k141_31406_7",1227.57029709653,-4.11963270258987,1.17032127911959,-3.52008698473721,0.000431405292393345,0.0096374251407717
"UHM31.35748__k141_21355_100",291.788144307396,-2.14347680003936,1.03714429882802,-2.06671029524195,0.0387614604880272,0.407724818657025
"UHM31.35748__k141_80923_107",440.742488043102,-2.01071493823906,1.14842748832677,-1.75084187611062,0.0799731510766747,0.648536365929567
"UHM31.35748__k141_8135_259",275.018182596975,-2.06266259822053,1.27206493945001,-1.62150731008461,0.104908883509237,0.735481819464579
"UHM31.35749__k141_94020_54",458.619019735876,-2.00578428230897,1.26979777412635,-1.57960922847655,0.114196384535942,0.75250440263956
"UHM31.35749__k141_180910_280",521.999290975519,-3.93755530154328,1.10050689103183,-3.57794697482671,0.000346303682218035,0.00805621023136279
"UHM31.35749__k141_151826_37",702.831777645462,-2.0077520277636,1.13392480042796,-1.77062184988445,0.0766236060056243,0.632383810525412
"UHM31.35749__k141_18027_11",494.390629018665,-2.05254615929891,1.19835434554375,-1.71280403574417,0.0867485974306731,0.67670039584662
"UHM33.10831__k141_113183_17",1168.87045511258,-3.98722522611356,1.09617871247462,-3.63738611299285,0.000275418906417292,0.00678043936335584
"UHM33.10831__k141_105609_81",579.41915202587,-4.10601252276777,1.22740439353563,-3.34528093951179,0.000821992631162716,0.0173644690601121
"UHM36.10832__k141_41565_2",1394.05188225909,-3.98605842738917,1.16524330006196,-3.42079497661752,0.000624383832984901,0.0134257246470541
"UHM36.35750__k141_53569_29",850.556164712591,-4.05679737953679,1.25411588891344,-3.23478668550447,0.00121733641586292,0.0251114954446111
"UHM36.35750__k141_61839_2",165.414879625284,-2.38929870304035,1.04829241359095,-2.27922922274687,0.0226534428234111,0.287850873348468
"UHM40.10834__k141_12189_286",126.7438487739,-2.22029519342985,0.624399111649047,-3.55589101907275,0.000376700217393781,0.0086221056627412
"UHM40.10834__k141_85311_3",932.79581669991,-4.01973373020451,1.20797059591117,-3.32767514690408,0.000875739203003143,0.018419012957944
"UHM40.35754__k141_17505_47",815.062282027514,-2.08537556232629,0.799744763201754,-2.60755138174029,0.00911923830302486,0.137200749857461
"UHM40.35754__k141_9638_51",489.093254155816,-2.01267785420207,1.27553532944165,-1.57790835561026,0.114586665154272,0.752877687010074
"UHM40.35754__k141_101220_243",642.449704215427,-2.0416411850548,1.27115459138219,-1.60613130684193,0.108245062491775,0.742885471898315
"UHM40.35754__k141_123815_62",367.281094243205,-2.00683036388282,1.24998264550375,-1.60548658103494,0.108386763974923,0.742885471898315
"UHM40.35754__k141_28515_101",502.638466620057,-4.05477941219112,1.21249544590823,-3.34416052932375,0.000825319664180342,0.0174220074237172
"UHM40.35754__k141_132976_673",346.778204431471,-3.98779535775863,1.12788635365662,-3.53563578886309,0.00040679511751125,0.00916563885964944
"UHM40.35754__k141_63201_413",429.083629573543,-2.45188276787845,1.28797247358921,-1.90367637364621,0.0569523452980749,0.524944412193651
"UHM40.35754__k141_63201_573",461.419242021402,-2.49624500223113,1.16238283787477,-2.14752396619612,0.031751591300382,0.359010129095014
"UHM40.35754__k141_63201_605",373.473614433657,-2.03133578648717,1.2872970155401,-1.57798531493907,0.114568983499911,0.752877687010074
"UHM40.35754__k141_90999_9",517.510669640334,-2.07825993749683,1.31066188278135,-1.58565680805988,0.112817182043287,0.750020438273702
"UHM40.35755__k141_39470_49",1702.33752533506,-2.03503114704099,1.21106846072371,-1.68036012251933,0.0928872698483374,0.700357079962665
"UHM40.35755__k141_142528_43",257.628064043836,-2.01256485444008,1.31556890184439,-1.52980573774473,0.126064820951508,0.762731274411526
"UHM40.35755__k141_9065_108",677.789446523271,-4.07819915614431,1.26021562341325,-3.23611220205209,0.00121169745221314,0.0250173940366017
"UHM41.10835__k141_53780_25",689.179970178993,-4.05464454244235,1.02702347985049,-3.9479570058443,7.8820955306047e-05,0.00413578410481948
"UHM41.10835__k141_54423_452",577.484948543307,-3.96701864630934,1.25408402769631,-3.16327977926373,0.00156002328996414,0.031576985439127
"UHM41.35757__k141_161867_11",367.488695399213,-2.11807203837137,0.925368800769199,-2.28889501851668,0.0220854527733888,0.283162502607221
"UHM43.10836__k141_114438_2",244.108051362505,-2.07948925046044,0.937415335238343,-2.218322201793,0.0265328714342685,0.319885359758557
"UHM43.10836__k141_157866_7",273.347068136491,-2.31912539196839,0.653118533199839,-3.55084915536885,0.000383990428826303,0.00874047367853628
"UHM44.10837__k141_2783_43",314.606272138048,-2.00603216591585,1.26647552855103,-1.58394862016082,0.113205411826564,0.750598839948776
"UHM44.10837__k141_47978_52",671.439110956722,-2.15081757664651,1.17931784805411,-1.82378107835422,0.0681851755791276,0.590885897363865
"UHM44.10837__k141_65789_46",869.951117987508,-2.07930641341262,1.19574797755095,-1.73891693939664,0.0820493741600514,0.658591997739992
"UHM44.10837__k141_28081_3",264.316349542956,-2.16903068614924,1.28972270698206,-1.68178064510064,0.092611383201602,0.699067871473764
"UHM44.10837__k141_50922_3",368.982527203165,-2.83022106077085,1.20086709559232,-2.35681456437513,0.0184324487636296,0.247038727373069
"UHM44.10837__k141_43567_33",1023.780612852,-2.02258539602313,1.26103564471334,-1.60390818808529,0.108734291701586,0.742923577474118
"UHM44.10837__k141_31286_431",1481.08780058425,-2.00819026872194,1.17152045501495,-1.71417431093537,0.0864967173526497,0.675931633912611
"UHM44.10837__k141_31286_463",662.592374408989,-2.06006540355567,1.35438019139669,-1.52103923007855,0.128249992926436,0.764857920322008
"UHM44.10837__k141_69106_125",877.270691768399,-2.67569857046279,1.26143811364705,-2.12114929897501,0.0339092403707267,0.37474923090154
"UHM44.10837__k141_69106_253",406.383708430545,-2.76087628981033,1.23591439260817,-2.2338734028204,0.0254914040508965,0.312494241848212
"UHM44.10837__k141_57163_50",510.433604416497,-2.11139656283284,1.19537656943456,-1.76630244963859,0.0773451208506704,0.635863845566925
"UHM44.10837__k141_24272_10",430.23933966317,-2.21450327620702,1.26564943399039,-1.74969720424482,0.080170576384228,0.649372492332873
"UHM45.10838__k141_31996_4",276.648685492866,-2.24662666024544,0.96784393237074,-2.3212695612425,0.020272299961004,0.265615572069217
"UHM56.35760__k141_73635_12",895.748373952963,-2.187276765997,0.801001903922247,-2.73067611361049,0.00632045531615597,0.102023477809678
"UHM56.35761__k141_121083_52",312.538716475233,-2.01877106565128,1.26744858708307,-1.59278339667988,0.111208791085028,0.746958763164704
"UHM72.35762__k141_79552_57",526.243944401163,-2.01959446452617,1.18894323617133,-1.69864666628639,0.0893857780666853,0.68619921233949
"UHM72.35762__k141_26036_24",530.301834130661,-2.21499745390147,0.905372015654839,-2.44650532112969,0.0144248668102932,0.20219828635799
"UHM72.35763__k141_53253_73",316.380893324618,-2.03865420132853,1.27879026145357,-1.59420529134405,0.110890061771186,0.746922655205476
"UHM72.35763__k141_15199_20",437.105979914878,-2.19355002021223,0.931307610174077,-2.35534424528348,0.0185055531742496,0.247798034490042
"UHM72.35764__k141_19527_231",2108.52534953732,-2.03837985637968,0.912093631461214,-2.23483619013336,0.0254281049799614,0.312016477721444
"UHM72.35764__k141_163251_229",227.31560085022,-2.00023650950046,1.24644129536387,-1.60475789508926,0.108547095358436,0.742895926883901
"UHM72.35764__k141_64128_184",323.618921942092,-2.22351707667499,0.962085280394173,-2.31114343186292,0.0208249336955877,0.271196041184885
"UHM72.35764__k141_64128_568",368.986366561459,-2.13104236719453,0.918174668766708,-2.32095530369723,0.0202892562714279,0.265717991936745
"UHM102.35765__k141_16299_43",166.732212336987,-2.17966394738086,0.965083105372249,-2.25852461331828,0.0239129718339113,0.299198799665979
"UHM102.35765__k141_73962_55",453.946369242586,-2.04307191182771,1.13608255577091,-1.79834810546962,0.0721218609451609,0.610646323227338
"UHM125.35768__k141_27491_113",105.177204660951,-2.37448180024001,0.648351435399311,-3.66233753886517,0.000249924251537889,0.00639258567566634
"UHM125.35768__k141_156793_16",332.298897245497,-2.39449224677679,0.750798072731159,-3.18926264430383,0.00142636219641302,0.0290821454840785
"UHM125.35768__k141_154779_26",1698.47725926377,-4.03604574190414,1.07346740979532,-3.75982140219208,0.000170034701798226,0.00514466302686622
"UHM125.35768__k141_154779_58",692.362345269737,-4.07955237169406,1.25758328542318,-3.24396198564399,0.00117879477297593,0.024378736588022
"UHM125.35770__k141_56051_18",316.192539702327,-2.22144307137936,0.898259583544968,-2.47305245841349,0.0133964477105671,0.190102285750952
"UHM125.35770__k141_196661_119",170.625467841047,-2.31986192879141,0.702336271632313,-3.30306439022404,0.000956344254865166,0.0199929951331404
"UHM125.35770__k141_267826_559",488.416499935118,-3.93112293715472,1.20077952052319,-3.27380911313503,0.00106108264256503,0.0220548878534876
"UHM125.35770__k141_239628_2",203.615370834299,-2.09090553538317,0.872696635058874,-2.39591336941744,0.0165790082247871,0.226830262087489
"UHM145.35773__k141_148005_40",614.00027974207,-2.06957152073993,1.21430720580757,-1.70432285243961,0.0883207879132479,0.682254809287132
"UHM145.35773__k141_148005_72",1323.7826174149,-2.10629126745945,1.25456073216092,-1.67890737647388,0.0931700967088528,0.701678346475066
"UHM145.35773__k141_214690_314",529.815119446484,-2.63986789083216,1.20016919941534,-2.19957976935099,0.0278367238348226,0.33021756757253
"UHM145.35773__k141_214690_346",446.353845113464,-2.13564099528144,1.31602456966859,-1.62279720645281,0.104632763125014,0.734895829846626
"UHM145.35773__k141_59488_8",2021.5084438174,-2.13716059889127,1.0631785696396,-2.01016147232514,0.0444141016505053,0.444772496623306
"UHM145.35773__k141_5351_227",518.737220302625,-2.00901290319208,1.10311327814223,-1.82122085102221,0.0685732921494012,0.592885231415077
"UHM17.10826__k141_226293_2",733.821740893343,-2.02865694787783,1.24975247570958,-1.62324699275031,0.104536615875179,0.734806499642312
"UHM17.10826__k141_104_37",467.492501248361,-3.59545788862484,1.24680357074435,-2.88374044876879,0.00392982505784736,0.0704578920191413
"UHM17.10826__k141_199438_25",518.507510491478,-2.06701282560221,1.25870145417277,-1.6421787857238,0.100552957805582,0.724207728136261
"UHM17.10826__k141_7642_33",1082.20565428475,-2.02419652075209,1.15767198143507,-1.74850609949362,0.0803764303457217,0.65040643472267
"UHM17.10826__k141_17016_4",187.521247565378,-2.06433666257573,1.25549020476744,-1.64424752557756,0.100125083639591,0.723206300729419
"UHM17.35739__k141_36131_23",1012.07163974543,-2.07472510571931,1.15466225493005,-1.79682422012228,0.0723635300267534,0.611899041735019
"UHM17.35739__k141_36131_151",450.194523737786,-2.04127807241216,1.10195273158211,-1.85241890501186,0.0639656926653038,0.568129982845321
"UHM17.35739__k141_33266_129",434.305765699529,-2.14967020087398,1.14360625325974,-1.87972931657775,0.060144977977445,0.544864569394541
"UHM17.35739__k141_33266_257",908.408369337063,-2.04352412570247,1.22912345572831,-1.66258654993415,0.0963952252774466,0.711450634815218
"UHM17.35740__k141_142151_368",987.096667817764,-2.07612080311911,1.17381512807414,-1.76869487661602,0.0769448077497389,0.634271776484102
"UHM17.35740__k141_18481_112",877.224927704096,-2.04556208422778,1.22089827215771,-1.6754566132792,0.093844676878381,0.703451683155594
"UHM17.35740__k141_160492_146",636.854970521508,-2.48051405608647,1.06168071192677,-2.33640305246269,0.0194702450169801,0.257718217961197
"UHM17.35740__k141_63769_288",456.555928800738,-2.07900608176741,1.29533133882279,-1.60499944644034,0.108493926494449,0.742885471898315
"UHM18.10827__k141_67683_5",1250.77408677899,-2.17341895834342,0.972993829451385,-2.23374382504448,0.0254999336253789,0.312554576933708
"UHM18.10827__k141_80909_94",417.626094581039,-2.13349529298894,1.34647006492029,-1.5845100077403,0.11307770605643,0.750326356371527
"UHM18.10827__k141_106069_100",342.371561670934,-2.0468387838297,1.26718473155794,-1.61526471465073,0.106253381449546,0.739183264684696
"UHM18.35741__k141_113582_118",519.537818360727,-2.0580379465777,1.30636322176482,-1.57539489193321,0.115165322731564,0.754114828794176
"UHM18.35741__k141_82830_39",943.902078705294,-2.11427604802827,1.20047076159607,-1.76120578331892,0.0782035795596233,0.640316100646436
"UHM18.35741__k141_56884_232",293.495415216955,-2.01187613941818,1.22419039910916,-1.64343401229272,0.10029316778415,0.72393751080189
"UHM18.35741__k141_56884_328",567.390650070778,-2.01613689248556,1.27192535965569,-1.585106293526,0.112942185912773,0.750071475719122
"UHM18.35741__k141_119377_113",691.441286606933,-2.48131246325887,1.25356715809902,-1.97940130070229,0.0477708421838571,0.467366614445408
"UHM18.35741__k141_92990_344",403.232205438523,-3.85116580165177,1.3628145053619,-2.82589140818477,0.00471492451235205,0.0813068048819574
"UHM18.35742__k141_7004_332",655.846409779393,-2.37302857937323,1.24085684299628,-1.91241124450998,0.0558234668532809,0.518315666290676
"UHM18.35742__k141_193649_55",642.520746247066,-2.02974080425565,1.31078659917427,-1.54849065861238,0.121504209060766,0.759151960951358
"UHM18.35742__k141_77466_15",822.687700489153,-2.00528291430575,1.27369471219773,-1.57438269555636,0.115399001931312,0.754287092699751
"UHM18.35742__k141_2182_87",1062.92936539599,-2.05419512787872,1.06422161124193,-1.93023248746238,0.0535780378921332,0.504250533048254
"UHM18.35742__k141_29286_31",305.501213917726,-2.07675706940923,1.29940449775903,-1.59823755650442,0.109990118390958,0.744621430233025
"UHM18.35742__k141_57278_262",451.017878026216,-4.10914871163763,1.22686072658545,-3.34931962739899,0.000810102828347075,0.0171258268248395
"UHM18.35742__k141_50078_110",1166.9770952581,-2.00761220099229,1.21483322053137,-1.65258256611896,0.0984158486142497,0.71827482024332
"UHM18.35742__k141_50078_174",951.80322102686,-2.10290805649339,1.24479527024713,-1.68936057740314,0.0911503509890976,0.692903538412999
"UHM18.35742__k141_50078_398",1363.88968621924,-2.82845161434426,1.17446836354123,-2.40828250649168,0.0160277730641693,0.220857971030408
"UHM18.35742__k141_50078_430",784.713441274394,-2.0900421160742,1.18211095023564,-1.76805917892698,0.0770510108334953,0.634573396375326
"UHM18.35742__k141_50078_462",554.019244833234,-2.00495397969632,1.25859233878952,-1.59301301772155,0.111157270748867,0.746922655205476
"UHM18.35742__k141_46143_93",291.075236040429,-2.22051847663447,1.29305688651306,-1.71726279005594,0.0859311675260659,0.673715441748227
"UHM20.35744__k141_46087_1",605.435772310236,-3.59737880074384,1.13589168874715,-3.1670086473752,0.00154015738512417,0.0312040352538499
"UHM20.35744__k141_46227_14",401.18124995851,-2.10569262516926,1.28190017261572,-1.64263385726253,0.100458711273181,0.724188742377091
"UHM20.35744__k141_112023_5",1280.50271943291,-2.05288966851127,1.14992549145726,-1.78523711645849,0.0742228639117169,0.621510667819812
"UHM20.35744__k141_138807_8",696.979946730739,-2.01187075942732,1.3287888392794,-1.51406355920205,0.130009719916096,0.765942064144471
"UHM20.35744__k141_174270_3",1264.03076369512,-2.00923316977936,1.22302653628504,-1.64283693784963,0.100416675468895,0.724123204549413
"UHM22.35747__k141_119116_88",178.290834439862,-2.21051983301154,0.615818264751137,-3.5895652330235,0.00033122993746083,0.00778076007918766
"UHM31.10830__k141_16588_72",307.899741730104,-2.06111778588558,0.912453399931088,-2.2588745749002,0.0238911879566153,0.298976019127712
"UHM31.35749__k141_75103_285",596.256879344192,-4.13594002137884,1.3188197030069,-3.13609207683881,0.00171215439367768,0.0343752193713739
"UHM31.35749__k141_151826_38",527.111085350428,-2.03639013724159,1.30552113546374,-1.55982931407559,0.11880022213421,0.757179736826482
"UHM33.10831__k141_124006_35",650.413498333389,-3.9704770982026,1.17911779857183,-3.36732861043376,0.000759001879611172,0.0161242299745843
"UHM33.10831__k141_124006_99",571.956290430996,-3.97172838878035,1.2373052932535,-3.20998254063608,0.00132743034862914,0.0272187629332043
"UHM36.10832__k141_166426_20",660.630827661883,-2.15633451106133,0.915986235244107,-2.35411235244892,0.0185669982322309,0.24849602315045
"UHM38.35752__k141_87190_8",366.794662260275,-2.01573032251078,1.16197094486798,-1.73475105501867,0.0827849089252401,0.662042371911781
"UHM40.35754__k141_83770_12",533.584222604411,-2.09618962243763,1.4582737369702,-1.43744591244769,0.150591331008521,0.778586404823001
"UHM40.35754__k141_5735_3",465.340354394647,-2.00617464233705,1.27481674724972,-1.57369649140957,0.11555763337208,0.754287092699751
"UHM40.35754__k141_13937_185",726.17105273756,-2.06045329990574,1.25092862563497,-1.64713897953998,0.0995294827124425,0.721494819181741
"UHM40.35754__k141_13937_249",851.543032782526,-2.2205346882702,1.1866273092673,-1.87129916101569,0.0613036267760922,0.551439839943224
"UHM40.35754__k141_28515_38",1333.73109105295,-4.01695285078077,1.12093976535955,-3.58355816692102,0.000338945240849101,0.00792546371133068
"UHM40.35754__k141_54958_17",320.647944097187,-2.23275585859238,0.989454385666553,-2.25655259195022,0.0240360455398003,0.300215494569048
"UHM40.35754__k141_15218_27",243.646785430381,-2.03240571949154,1.31812435755412,-1.54189224092848,0.123099781761589,0.760112419435358
"UHM40.35754__k141_17446_44",718.813491813892,-2.27019250623532,1.28403023361666,-1.76802106897513,0.0770573814812881,0.634573396375326
"UHM40.35755__k141_146816_185",600.588815193689,-3.00878230339208,1.0519840341852,-2.86010263047623,0.00423503927765019,0.0748255061226007
"UHM40.35755__k141_50030_28",284.865581180584,-2.38032037407134,1.29680758542122,-1.83552317308367,0.0664282087871462,0.581485070629377
"UHM40.35755__k141_9065_77",378.380610012608,-3.94383963782882,1.38442801631116,-2.84871411973969,0.00438963044209188,0.0771060125891618
"UHM44.10837__k141_40339_154",1387.83728513672,-2.14553826663347,1.01131075248963,-2.12154202983763,0.0338762148867478,0.374488058725218
"UHM44.10837__k141_65789_47",444.265809797151,-2.11799454769019,1.17417213102069,-1.80381946712451,0.0712596130252177,0.606594995985071
"UHM44.10837__k141_63629_50",785.722216688884,-2.4435415074527,1.32284375141814,-1.84718830537101,0.0647198537035397,0.572071736139042
"UHM44.10837__k141_79712_61",445.318103734101,-4.12961678224435,1.33619109936727,-3.0905884526546,0.00199760296474834,0.0397378502055208
"UHM44.10837__k141_49953_8",406.597524301572,-2.0062045046406,1.27620394674584,-1.57200932480751,0.115948388667429,0.754606447531367
"UHM45.35758__k141_104224_340",186.921122860083,-2.11902811934366,0.81104971608189,-2.61269818277047,0.00898305932777555,0.135357867819479
"UHM56.35761__k141_71180_20",349.27947470002,-2.20213108850898,0.9287145177955,-2.37116040108451,0.0177323337420538,0.239470813573709
"UHM72.35762__k141_103326_121",484.863016068691,-2.0648797305672,1.31303551501216,-1.57260006066787,0.115811453631087,0.754606447531367
"UHM72.35762__k141_39865_77",382.767432186501,-2.12168800309165,1.05035080193636,-2.01998037149135,0.0433854235849842,0.438190253593639
"UHM72.35764__k141_37915_172",290.846088417687,-2.01637889125975,1.29896411819514,-1.55229760623522,0.120591030433412,0.758376625919748
"UHM125.35769__k141_241229_5",576.380391238366,-2.10370299074832,1.35347915506214,-1.55429286286403,0.120114575187615,0.758276727262433
"UHM125.35769__k141_200249_5",203.165487214987,-2.08345870201768,0.843134303041853,-2.47108757703369,0.013470282612022,0.190837447837662
"UHM125.35769__k141_201187_14",291.038795314806,-3.8890654565778,0.95677438133866,-4.06476754857969,4.80803567006429e-05,0.00413578410481948
"UHM125.35769__k141_16599_330",845.429613252338,-4.07004701196051,1.25590674886309,-3.24072389581862,0.00119226602325356,0.0246338140692883
"UHM125.35770__k141_202982_20",452.614193266566,-3.94789206180228,1.26218827853904,-3.12781550021357,0.00176110693256592,0.035284453489589
"UHM125.35770__k141_68409_16",712.879451245236,-4.10135597498524,1.24087989714336,-3.30519978962267,0.000949087192762354,0.0198508620885034
"UHM145.35773__k141_214690_283",920.262074605126,-2.0583716378286,1.23379578127474,-1.66832442537769,0.0952513417227583,0.708136058308394
"UHM145.35773__k141_5351_228",543.344581954614,-3.06958356791016,1.25477079817491,-2.44633009660005,0.0144318800309192,0.202244752947043
"UHM145.35773__k141_5351_292",223.568135213836,-2.01126445564284,1.28145579362385,-1.56951528538893,0.116527920649053,0.755739133821637
"UHM145.35773__k141_5351_324",683.986959577207,-2.08146433969379,0.866362550526499,-2.40253267922172,0.0162819797067115,0.22372034067114
"UHM145.35773__k141_171720_296",640.877090276614,-2.19755532076218,1.26502848729958,-1.73715876189732,0.082359151618051,0.660038888263331
"UHM17.10826__k141_84913_5",376.447047791527,-2.90719771903957,1.2605616178454,-2.30627180606106,0.0210954494923363,0.274038397941156
"UHM17.10826__k141_192278_61",705.68722124242,-2.13869654621145,1.25818259936478,-1.69983001457118,0.0891629040827115,0.68546010022163
"UHM17.10826__k141_296939_24",403.477874647571,-2.91458287152951,1.30849422578853,-2.2274327345794,0.0259183667017268,0.315629162562651
"UHM17.10826__k141_14054_20",354.345707332887,-2.34749405445631,1.2741678393883,-1.84237427903006,0.065420421434101,0.575672675652904
"UHM17.35739__k141_80560_10",1608.58974116232,-2.07315584529887,1.12180496439905,-1.84805372688777,0.0645945708882586,0.571318940580023
"UHM17.35739__k141_34877_88",754.277041791506,-2.23122857703328,1.26278343620032,-1.76691308507101,0.0772427852836814,0.635614299964252
"UHM17.35740__k141_142151_49",655.04365793239,-2.00758549470408,1.28367186626452,-1.56393977889859,0.117831711571367,0.756289353204028
"UHM17.35740__k141_101333_11",604.093405567101,-2.19555152335345,1.2952161986636,-1.69512358293451,0.0900519793777177,0.68923483616738
"UHM17.35740__k141_6631_4",691.349033807642,-2.05082781610333,1.22922614965985,-1.66838934940559,0.0952384611642722,0.708118387953607
"UHM17.35740__k141_87660_171",883.251248326312,-2.00946207991002,1.25457022162109,-1.60171351533714,0.109218975091645,0.743135847561228
"UHM17.35740__k141_63769_289",485.436892997686,-2.71645515293579,1.3244504163141,-2.05100554877364,0.0402664063863051,0.416923578877109
"UHM18.10827__k141_54030_115",2950.29547965345,-2.15150244728614,1.10115412400498,-1.95386131730675,0.050717620359773,0.486310968968258
"UHM18.10827__k141_58716_190",405.67100538196,-2.72779805866,0.869310012191033,-3.13788869379841,0.00170169483562923,0.0341731406339979
"UHM18.35741__k141_56884_137",768.5604836246,-2.0803555222533,1.26829149057853,-1.64028185768585,0.10094657602426,0.725625425478511
"UHM18.35741__k141_126348_543",384.764711449413,-3.94237920647108,1.1753655901195,-3.35417272686216,0.000796026559525218,0.016852924958785
"UHM18.35741__k141_22513_77",383.435338702928,-2.03257191995047,1.22644416466462,-1.65728858965732,0.097461143091815,0.714811311333661
"UHM18.35742__k141_206492_65",840.031780520035,-2.13274073229478,1.2161802574672,-1.75363867255698,0.0794924400817035,0.646453446127684
"UHM18.35742__k141_7004_333",2026.06570921195,-2.03823795079418,1.09583999768778,-1.85997769299793,0.0628886820391858,0.561847498308836
"UHM18.35742__k141_179467_228",339.464553181913,-3.96065393459077,1.20058306506139,-3.29894203062763,0.000970499504486631,0.0202693547666804
"UHM18.35742__k141_158543_429",527.479529730326,-2.21683448415799,1.30537337720544,-1.69823785506015,0.0894628785156741,0.686537769063699
"UHM18.35742__k141_2182_88",296.271843884865,-2.23848578319313,1.25593124014462,-1.78233147774504,0.074695192411517,0.62380835476336
"UHM20.35744__k141_99067_4",775.94970798023,-2.10875218029586,1.29434857800703,-1.629199595941,0.103270772488565,0.730673913241964
"UHM22.35745__k141_84325_12",204.595367923816,-2.03932157767814,0.963617650228405,-2.11631820690993,0.0343177532753006,0.377425624716544
"UHM31.35748__k141_40148_13",630.467444460182,-2.02603377809686,1.16539460345634,-1.73849593269784,0.0821234661458158,0.65906458940347
"UHM40.35754__k141_63201_447",1027.64287778148,-2.03117308773779,1.16588894227921,-1.74216686862732,0.0814792495331589,0.655777761501873
"UHM41.10835__k141_60015_33",959.766746464708,-4.08047750492126,1.1837374200516,-3.44711372285875,0.000566610020464196,0.012296374224167
"UHM41.35757__k141_46008_113",394.796412761828,-3.8919492887727,1.08108967646426,-3.6000244692942,0.000318187236017278,0.0075315614256516
"UHM44.10837__k141_52890_15",635.844061606333,-2.09336520522268,1.21776678951772,-1.71901978543177,0.085610769321185,0.672539308577196
"UHM44.10837__k141_34371_7",1188.68295941515,-2.08152681197376,1.13542048040036,-1.8332651629111,0.0667631474495678,0.58311238562339
"UHM125.35768__k141_5067_13",599.655033632654,-3.02197472890447,0.850904897727144,-3.55148352886025,0.000383065967876672,0.00873302748410407
"UHM125.35768__k141_154779_124",924.892911580404,-4.00082061357798,1.12449853450032,-3.55787090052171,0.000373872975284164,0.00856871361581825
"UHM125.35769__k141_80780_7",628.527036490086,-4.11062682430281,1.35059234294952,-3.04357332229925,0.00233786461943691,0.0457295609789293
"UHM145.35773__k141_124852_139",345.769429603186,-2.01727223516869,0.854779533546069,-2.35999126792378,0.0182753652298196,0.245503134742589
"UHM145.35773__k141_171720_393",498.603937114617,-2.6910090090213,1.33342310512213,-2.01812087902499,0.0435786736915386,0.438994329990589
"UHM145.35773__k141_172489_53",793.52106132542,-2.04254097189084,1.31676529241149,-1.55118074850697,0.120858374349472,0.758376625919748
"UHM17.35739__k141_96103_41",285.705200324231,-2.00593952814318,1.03185615901099,-1.94401081064033,0.051894147458668,0.493658249345206
"UHM18.10827__k141_124914_4",286.559448132075,-2.07880803453683,1.25527597359099,-1.65605657900864,0.0977103614666055,0.715972405052561
"UHM18.10827__k141_67683_103",471.791560900103,-2.25894706003751,1.25775519983039,-1.79601488456747,0.0724921498198988,0.612584121668679
"UHM18.35741__k141_113135_26",342.71927044948,-3.15711035512828,1.02444522727762,-3.08177564897055,0.00205769860604451,0.0408114934380618
"UHM18.35741__k141_113440_79",1836.42601525578,-2.00624430717608,1.14923859561305,-1.74571608962181,0.0808602978596822,0.652973430314667
"UHM18.35741__k141_136158_271",516.921791285943,-2.52855015071327,0.874813656670246,-2.89038714866152,0.00384767650614207,0.0693582519260521
"UHM18.35741__k141_14360_55",1041.88220307297,-2.02896964730641,1.25193642025631,-1.62066508688278,0.105089485114318,0.735901739552887
"UHM18.35741__k141_22513_110",611.583066352089,-2.01188554710217,1.29301954126938,-1.5559591196333,0.119717813696866,0.757819184129811
"UHM18.35742__k141_7004_430",465.984017952841,-2.25294066318031,1.20202132075451,-1.87429342914328,0.0608899926959729,0.549087408892498
"UHM18.35742__k141_29286_33",949.302395727105,-2.0267720765497,1.1323774547138,-1.78983789204984,0.0734799756881611,0.617318729033404
"UHM18.35742__k141_50078_16",719.32072280911,-2.11003092476642,1.14858593835386,-1.83706839367239,0.0661997993635004,0.580139729751687
"UHM20.35744__k141_131998_10",645.838876685168,-4.52601654162413,1.21330132246677,-3.7303318292131,0.000191227748753751,0.00544955051242884
"UHM31.35749__k141_171210_1",335.318949969635,-2.03771275056888,0.987882599595637,-2.06270740207689,0.0391404362236393,0.410282377355908
"UHM40.35754__k141_17505_18",685.87257631008,-2.13341335963162,1.21941582181557,-1.74953721402041,0.0801982019371868,0.649397758817871
"UHM40.35754__k141_26483_26",658.738144633668,-4.39567820100713,0.952820575499276,-4.61333257702145,3.96263474795303e-06,0.00413578410481948
"UHM40.35754__k141_97876_158",532.437597857901,-2.01709951035685,1.25902384132109,-1.60211383149053,0.109130439948785,0.743135847561228
"UHM44.10837__k141_52890_144",280.441920016926,-2.19731754139545,1.224897436784,-1.79387879785638,0.0728325162533544,0.614441462710766
"UHM44.10837__k141_72931_4",326.072952695874,-2.3403378119011,1.24740711194916,-1.87616199192914,0.0606330393896551,0.547568237406858
"UHM44.10837__k141_28081_6",1031.57927877559,-2.20789432192739,1.33733758425519,-1.65096259009055,0.0987462139573211,0.719333574941278
"UHM44.10837__k141_69106_32",326.575365462279,-2.23444359413321,1.31504949851201,-1.69913269170591,0.0892941849135658,0.685944128164695
"UHM125.35769__k141_28297_3",263.820586610856,-2.2862688647819,1.123572147688,-2.0348215906619,0.0418688277939467,0.428238150896674
"UHM125.35769__k141_279458_2",260.379446346193,-2.20172725411224,1.20464568328297,-1.82769696074614,0.0675950445326547,0.587579352661481
"UHM145.35773__k141_214690_221",1479.78392094566,-2.01506290157291,1.06533783808162,-1.89147782941933,0.0585605877909623,0.534930346066474
"UHM145.35773__k141_165942_177",1003.51785267712,-2.00579730334615,1.14997381811734,-1.74421127833145,0.0811222554160281,0.654048492093696
"UHM145.35773__k141_60023_28",560.80274535065,-3.45261770581623,0.668303864576067,-5.16623932439231,2.38850925011055e-07,0.00207526474202054
"UHM17.35740__k141_142151_371",797.381864332745,-2.00724167774441,1.28463547352906,-1.56249902723786,0.118170474847902,0.756660135244249
"UHM18.35741__k141_59782_1",591.478534373166,-2.04632957242355,0.981936116793084,-2.08397423969563,0.0371625105224328,0.396769701151523
"UHM18.35741__k141_60207_1",221.445608689008,-2.02313762733728,0.925455159553705,-2.18610011133649,0.028808281858862,0.337308809606541
"UHM18.35742__k141_14244_51",578.349756983713,-2.14718404870824,1.26617165744573,-1.69580801787949,0.0899222435687709,0.688580830854304
"UHM18.35742__k141_117838_220",420.950168675512,-2.82563529774077,1.12730911817604,-2.50653104120419,0.0121922351745453,0.175340290484128
"UHM18.35742__k141_2182_314",551.656075353085,-2.01834461413392,1.15598305857724,-1.74599843757057,0.0808112233360622,0.652705455087925
"UHM18.35742__k141_29286_34",539.245382055539,-2.02576667731483,1.27504543342141,-1.58877999498336,0.112110071261015,0.748261309981162
"UHM18.35742__k141_50078_17",675.933395974468,-2.21358968684157,1.26429213012325,-1.75085301418887,0.0799712319984683,0.648536365929567
"UHM18.35742__k141_103030_1",1902.53201463673,-2.44384850033634,0.723344217419336,-3.37854155944624,0.000728714169750979,0.0155379509397087
"UHM20.35744__k141_79463_16",271.581471368654,-3.55912846357219,0.720737052432166,-4.93817884284112,7.88555099294235e-07,0.00413578410481948
"UHM40.35754__k141_90461_69",360.999004925558,-3.99554585352752,1.12426262149373,-3.55392572619636,0.000379526381382039,0.00867762179949067
"UHM40.35755__k141_39470_213",359.649088832375,-2.28523441637501,1.24778070487012,-1.83143913626464,0.0670350243600001,0.58452217341755
"UHM125.35769__k141_262879_1",217.638389613615,-2.04324611660975,1.29436439075647,-1.57857102003216,0.114434486204487,0.752694686932954
"UHM145.35773__k141_60023_29",838.566274342157,-3.26649030000723,1.21390463993548,-2.69089530803741,0.0071260553575105,0.112260145299739
"UHM17.35739__k141_58159_390",415.947132583042,-5.20912919961466,0.764373510571408,-6.81490021248979,9.43292185336766e-12,8.17202318922801e-07
"UHM18.10827__k141_107418_148",515.706068247798,-2.10731058156606,1.30921604944596,-1.6095972719383,0.107485804177731,0.741209716893205
"UHM18.10827__k141_15059_31",471.712640768645,-4.01003375478281,1.13940477465346,-3.51941105039025,0.000432506038515,0.00965454667216438
"UHM18.35742__k141_96950_39",453.255625594421,-2.11673569254218,1.37414606480689,-1.54040079635905,0.123462687424171,0.76019830587164
"UHM36.35750__k141_12966_41",612.01461786703,-4.09900938787426,1.11780268887825,-3.66702408990245,0.000245389685027844,0.00632327322516871
"UHM36.35751__k141_41960_5",428.493120103717,-4.00732036167745,1.30223511036172,-3.07726333731268,0.00208910654060623,0.0413870493785364
"UHM40.35755__k141_112090_301",747.82275137567,-2.185436945758,1.2478220484611,-1.75140113003551,0.0798768384880268,0.648119335837148
"UHM145.35773__k141_59488_13",1508.74028523154,-2.0870139341295,1.14738758087388,-1.81892672442904,0.0689226100294575,0.594836867372185
"UHM145.35773__k141_172489_312",945.91824407377,-2.30084545105375,1.06639585543816,-2.15759039133585,0.030959692420816,0.353843144260231
"UHM18.10827__k141_58716_98",1408.43720902422,-2.08282143506832,1.19653010165956,-1.74071795785121,0.0817330289241165,0.65691671869658
"UHM18.10827__k141_123235_402",1172.76038527353,-2.11773976415447,1.10681907124968,-1.91335677091595,0.055702394545911,0.517775273250634
"UHM18.10827__k141_61309_83",397.503711980078,-3.98365739712805,1.30485592951512,-3.05294807420491,0.00226605145872504,0.0444855735381206
"UHM18.35741__k141_56884_77",947.942885120328,-2.19454098980917,1.29966831558746,-1.68853927074249,0.0913077571279782,0.693822026424711
"UHM36.35751__k141_3065_3",385.867796141775,-3.86307695843165,1.26608146017544,-3.05120727215796,0.00227923173997831,0.0447139228554214
"UHM44.10837__k141_23292_159",790.587108719746,-2.15124074259067,1.18902166122405,-1.80925277709075,0.0704117417308107,0.602586231489215
"UHM145.35773__k141_5351_137",570.646011635392,-2.71685461866648,1.39787257250774,-1.94356386418866,0.0519480669944107,0.49390000964956
"UHM17.10826__k141_104_171",693.121008894272,-2.0147282406177,1.2553902379123,-1.60486212157278,0.108524151109269,0.742895926883901
"UHM17.35740__k141_142151_438",772.218500936955,-4.00905105255203,1.276812016653,-3.13989138593891,0.00169010483849344,0.0339797754637275
"UHM20.35744__k141_36810_165",355.424165654447,-2.43455319847513,0.974344323542709,-2.49865795863942,0.0124664570586809,0.178602046364263
"UHM40.35754__k141_123815_133",616.402808677108,-2.1081969053026,1.2539729057881,-1.68121408012212,0.0927213395833044,0.699471248007699
"UHM40.35755__k141_46886_23",445.614527899401,-2.02063211424344,0.97676833772115,-2.06869125073984,0.0385750687604029,0.40665294863957
"UHM41.35757__k141_169852_312",277.105961086338,-2.02878016350353,0.808432618969965,-2.50952289145437,0.0120894379579982,0.174093131418759
"UHM125.35769__k141_116214_23",910.096212922927,-2.05515392166022,1.16223480044065,-1.7682777360315,0.077014484037324,0.634480612071825
"UHM125.35769__k141_197243_1",492.979353192971,-2.11485067793696,0.779217722100116,-2.71406901813925,0.00664623177855334,0.1061155543073
"UHM125.35769__k141_152837_1",367.424423393427,-2.09021532790236,1.28172502148478,-1.63078296269898,0.102936123645114,0.729786440422751
"UHM125.35770__k141_61602_8",231.305196634703,-2.07171048773234,0.698839749491367,-2.96450007206971,0.00303175172057526,0.0571847913800558
"UHM17.35739__k141_33266_392",1256.77224964501,-2.06369336114658,1.16463593546524,-1.77196435238124,0.0764004748213007,0.631565108320014
"UHM18.35742__k141_7004_307",380.298454174167,-2.36031605390129,1.36313757885414,-1.73153179144646,0.0833569597399066,0.663615465277277
"UHM18.35742__k141_14590_166",351.268944688081,-2.66193667190735,1.21615238352838,-2.18881836516602,0.0286100443539049,0.335986711740795
"UHM20.35744__k141_14289_5",954.782839493292,-2.08095716922947,1.26212176552508,-1.64877686612411,0.0991933560021008,0.72069274693736
"UHM20.35744__k141_23263_2",686.127148156498,-2.05382900728803,1.32855211585992,-1.54591527330387,0.122125031404397,0.759599626420717
"UHM40.35754__k141_114260_12",512.393958010215,-3.58410081540482,0.93975986256978,-3.81384751377237,0.000136819906502183,0.00462651013271023
"UHM145.35773__k141_141428_131",1814.25410951036,-2.52059994540008,1.1013919633424,-2.28855850532158,0.0221050171605719,0.28332947946025
"UHM17.35740__k141_142151_120",812.074187664888,-2.03238765213145,1.23249152080236,-1.64900741127075,0.0991461163930343,0.72058099844612
"UHM18.10827__k141_124914_10",806.826844438301,-2.08951966749703,1.19885811809545,-1.74292490158595,0.081346733653993,0.655072838403444
"UHM18.35741__k141_99294_10",573.744282663788,-2.27497290767611,1.03774162563157,-2.19223441701259,0.0283625845175301,0.334213245988464
"UHM18.35741__k141_26556_103",478.987749689718,-3.11476581183022,1.30209342150484,-2.39212161000742,0.0167512909753667,0.228898200484061
"UHM18.35742__k141_7004_180",327.733350142103,-2.82382515462892,1.3697651201095,-2.06153968528793,0.0392515814549401,0.411044422630012
"UHM20.35744__k141_31041_2",537.534970099797,-2.0208560321854,1.33606075203121,-1.51254801034541,0.130394508675043,0.765942873702205
"UHM44.10837__k141_40339_66",781.837026816319,-2.07158609356324,1.29336709176547,-1.60170001753754,0.109221961295731,0.743135847561228
"UHM44.10837__k141_71380_4",280.271124303166,-2.07063968144818,1.33333536945713,-1.55297738954547,0.120428536419993,0.758376625919748
"UHM739.35775__k141_583264_2",280.744705218658,-2.53783462092109,1.3112550421283,-1.93542410849527,0.0529382732447934,0.499893733267095
"UHM18.35742__k141_62311_115",1103.34823384967,-2.44987351953968,1.28114559558186,-1.91225222799679,0.0558438500397596,0.518315666290676
"UHM18.35742__k141_76629_1",430.754960311794,-3.13920813075418,1.03416178789104,-3.03550969249787,0.00240129505245413,0.0467925465434192
"UHM20.35744__k141_120194_7",367.549216394076,-2.13158512053213,1.19723737493155,-1.780419794073,0.0750072847299998,0.62523872779891
"UHM145.35772__k141_67436_1",301.865324828389,-2.14909283329304,0.920175815269755,-2.33552414400613,0.0195160561239484,0.258132424504606
"UHM145.35773__k141_214690_196",1452.94047737894,-2.52731034839977,1.15176300806335,-2.19429720411783,0.0282140503262439,0.333158713323367
"UHM18.35742__k141_158543_182",1311.68423478248,-2.01438682392268,1.24669189048845,-1.61578561574942,0.106140672584354,0.738875804333914
"UHM40.35754__k141_120361_1",411.78896899311,-2.03121524144141,0.800243152396039,-2.53824757557708,0.0111409140264704,0.162541395226543
"UHM44.10837__k141_65789_57",993.480216821033,-2.00318611747092,1.16301749605407,-1.72240411194793,0.0849963393374719,0.670158035912003
"UHM125.35769__k141_67523_1",228.999303772394,-2.00959465942199,1.30201080383762,-1.54345467295571,0.122720497115445,0.759816002956754
"UHM145.35773__k141_19680_442",1041.79432930279,-2.18519110738035,1.09610423576451,-1.99359790436009,0.0461960145783384,0.456335291850935
"UHM17.10826__k141_84913_79",336.079832149031,-2.1546015577689,1.24449400155245,-1.73130730648853,0.0833969689838758,0.663750998068912
"UHM18.10827__k141_58733_104",316.098582650064,-2.13811978258814,0.940382028897855,-2.27367146211211,0.0229857472484917,0.290661836429511
"UHM20.35743__k141_34795_2",239.113463472998,-2.00221055389503,0.913725621081043,-2.19126016355564,0.0284329710678334,0.33469415747877
"UHM22.35747__k141_54608_1",339.51732040019,-2.07543617245673,1.08636037625765,-1.9104490717954,0.0560754177248476,0.519671533187685
"UHM102.35765__k141_52000_82",1419.83953298948,-2.01540669383286,1.18940085955249,-1.69447220224068,0.0901755895679077,0.689430304840198
"UHM22.35746__k141_144109_1",194.108554071252,-2.06349473353011,0.801110333610173,-2.57579342939074,0.0100010375101516,0.148004763002556
"UHM27.10829__k141_100056_1",143.248977099499,-2.06813722661776,1.30018747866421,-1.59064539580286,0.111689402022803,0.747700175059229
"UHM44.10837__k141_47978_1",470.875603586951,-2.04901201938184,1.22088000255549,-1.67830746272602,0.093287091934949,0.701844605783798
"UHM125.35768__k141_70042_26",726.304579881306,-4.00837993425804,1.1309664430795,-3.54420766308826,0.000393794943790888,0.00892378691222494
"UHM145.35773__k141_172489_288",648.280890474397,-2.71293834688123,1.24144220829612,-2.18531183227992,0.0288659904241344,0.337754198798582
"UHM18.35742__k141_75981_56",250.063216139315,-2.24170709806434,1.23189097109108,-1.81972849113332,0.0688003622566139,0.594143782605717
"UHM18.35742__k141_174240_112",212.320826956201,-2.22396270464352,1.12887070846785,-1.97007743044549,0.0488294971214308,0.474529121901348
"UHM20.35744__k141_191405_9",343.134223082436,-2.03346699982187,1.09337148833028,-1.85981344998052,0.0629119237844414,0.561997184287226
"UHM31.35749__k141_57063_1",761.825484410378,-2.60842377921645,0.699714510422185,-3.72784005528572,0.000193127876578955,0.00547471817062831
"UHM40.35755__k141_88862_1",1264.35401792904,-2.02172713788615,1.01504478903898,-1.99176150620927,0.0463972316464675,0.457961874128794
"UHM125.35769__k141_96616_1",196.480372601172,-2.01216407486023,0.831147249555178,-2.42094776339225,0.015480101564994,0.21460835955835
"UHM145.35773__k141_171720_309",1116.38048138483,-2.11414185053063,1.11659229770617,-1.89338745652619,0.0583063622942648,0.533361075630157
"UHM18.10827__k141_11555_36",340.242906827364,-3.28766074564262,1.20510254703707,-2.72811700027176,0.00636970109967891,0.102609046612032
"UHM18.35742__k141_174240_113",855.904473047665,-3.39398312463702,1.41085413142519,-2.40562298329775,0.0161449167701387,0.222189447902689
"UHM20.35744__k141_34896_1",358.598973344139,-2.14427907952674,1.3107512079423,-1.63591615749335,0.101857135911401,0.727366021910655
"UHM20.35744__k141_55783_1",509.604114030793,-2.26091503647205,1.18950286718229,-1.90072264544242,0.057338350776216,0.527100312266121
"UHM27.10829__k141_104247_1",174.946418282108,-2.02878111213275,1.17788663406454,-1.72239080864007,0.0849987475742626,0.670158035912003
"UHM44.10837__k141_31286_30",566.694065089434,-2.06346145720694,1.3143972066598,-1.56989184605063,0.116440274894994,0.755283792675802
"UHM740.35774__k141_155098_1",199.777103882624,-2.00537989652948,0.926744507475682,-2.16389725577316,0.0304722356044129,0.350351849650577
"UHM17.10826__k141_19996_12",439.564632154079,-2.24803713538469,0.817535500933048,-2.74977310810236,0.00596365426902001,0.097444221102982
"UHM20.35744__k141_137932_34",213.447998222461,-3.33840740112332,0.689581156457192,-4.84121030550603,1.29050705807073e-06,0.00413578410481948
"UHM20.35744__k141_172000_1",311.024971045261,-2.13214553214172,1.16473798168974,-1.83057955150439,0.0671633229840147,0.585368225359572
"UHM44.10837__k141_51956_1",1276.30835743216,-2.08040329763426,0.790996466031357,-2.63010441509581,0.00853586466552564,0.129848562523
"UHM20.35743__k141_16924_44",187.293180956724,-2.02821943242532,1.31060770061639,-1.54754121425613,0.121732794248889,0.759463846249037
"UHM20.35744__k141_142411_1",304.45699619506,-2.0742539418748,1.31286631008783,-1.57994300404893,0.114119919683222,0.752304069186157
"UHM31.35749__k141_87930_1",995.694733315329,-2.06367399295975,1.24233662603845,-1.66112304000919,0.096688738007786,0.712172157257571
"UHM36.35751__k141_36020_2",344.705230657948,-3.95376031713761,1.35665131081599,-2.91435263108213,0.0035642704642665,0.0652543201882502
"UHM40.35754__k141_35335_3",440.316223032966,-3.00440728274364,0.806438729130583,-3.72552454912808,0.000194909481538984,0.00549304513775166
"UHM17.10826__k141_124031_8",437.242084993884,-2.01696797977498,0.879689638148996,-2.29281770786683,0.0218585021016322,0.281199949586573
"UHM17.35739__k141_58159_499",361.168815307403,-2.04376119740217,1.18393963300336,-1.72623767329897,0.0843046630232979,0.66758031605708
"UHM18.35741__k141_27636_37",281.50722152384,-2.05290323725794,1.1386119908387,-1.80298754428695,0.0713901708595183,0.607069267369608
"UHM18.35742__k141_110907_1",813.918589416234,-2.56396406800913,0.692427096420162,-3.70286501100951,0.000213178325349611,0.00579487852526289
"UHM20.35744__k141_149283_1",273.3536607765,-2.14952245813269,1.35342590294246,-1.58820845194366,0.112239210540721,0.748604167124051
"UHM20.35744__k141_5624_1",219.624493773771,-2.05293244887917,0.743347990091391,-2.76173807724532,0.00574945816714174,0.0946764511298213
"UHM40.10834__k141_23889_13",300.280908546171,-3.96043612460026,1.1007509014658,-3.59794038717243,0.000320747108277919,0.00757146709303568
"UHM20.35744__k141_80821_1",225.938485334634,-2.11106262715796,1.17928093165981,-1.79012699220591,0.0734334984229727,0.617227541367749
"UHM40.10834__k141_46783_1",589.33247148814,-2.02473116008126,0.874146148200519,-2.31623872535421,0.0205452378629909,0.268379914322149
"UHM17.35740__k141_142151_35",228.433224671803,-2.21376408320345,1.25804326548041,-1.759688354087,0.0784606614812005,0.641011173717544
"UHM18.10827__k141_79767_1",327.002770042425,-2.09314067171257,1.32387162434382,-1.58107525927979,0.113860830880122,0.75163228779847
"UHM18.35741__k141_129845_1",372.063562410629,-2.13792509530815,0.802316362702909,-2.66469088092101,0.00770591199945955,0.119596251209097
"UHM44.10837__k141_61441_14",252.577074755703,-2.01302747816764,1.28394615947511,-1.56784415242971,0.116917507912999,0.756277539080213
"UHM145.35773__k141_3634_228",442.211756164686,-2.32701087670969,1.34900016861861,-1.72498931493283,0.0845293981446566,0.668099201666457
"UHM18.10827__k141_84115_1",255.180880526778,-2.34176596460556,1.28671789085759,-1.81995290595111,0.068766176989245,0.594078601028047
"UHM18.35741__k141_119377_5",342.227646725336,-2.57082955679966,0.7254144154659,-3.54394605619814,0.000394185888649458,0.00892697542676185
"UHM31.35748__k141_74840_1",594.450104863514,-2.03107012003434,1.33052210993579,-1.52652113397225,0.126880131278995,0.763020845653549
"UHM145.35773__k141_19680_4",685.286934013485,-4.06020969360329,1.03597072805316,-3.91923206289176,8.88315530056994e-05,0.00414992998080677
"UHM31.35749__k141_173602_31",666.10772107094,-2.07729056952126,0.881925924813199,-2.35540254694435,0.0185026495859648,0.247798034490042
"UHM18.35741__k141_41747_1",287.587339503,-2.01860503825233,1.35444400585987,-1.49035695054135,0.1361304054354,0.770322900789229
"UHM125.35769__k141_74859_1",203.242219750648,-2.02025827295821,1.26408380829543,-1.59819962861675,0.109998556379674,0.744621430233025
"UHM125.35769__k141_50386_1",220.812527059561,-2.04726015096652,1.22783454700392,-1.66737461163811,0.0954399389386107,0.70863344781638
"UHM20.35744__k141_92415_1",938.746224593234,-2.17670556289781,1.07857182192753,-2.01813687196814,0.0435770085100155,0.438994329990589
"UHM36.35751__k141_34010_1",359.130188887244,-3.97524038808336,1.40672762485555,-2.82587781589314,0.00471512457985934,0.0813068048819574
"UHM40.35754__k141_63201_150",755.256530312961,-2.11923240226755,1.20188843218958,-1.76325218340505,0.0778579660962318,0.638832694983674
"UHM18.35742__k141_51608_1",308.759355932327,-2.8112393108268,0.676422124172259,-4.15604281759253,3.23807165054883e-05,0.00413578410481948
"UHM20.35744__k141_165520_1",262.883939540396,-2.04839895503713,1.19065720133813,-1.72039353790076,0.0853609308476557,0.67148583693135
"UHM36.35751__k141_56134_1",724.29014126668,-2.11479011409855,0.91201488693546,-2.31881095845336,0.020405288751567,0.26676953921152
"UHM40.10834__k141_9763_2",329.2022256034,-2.14894954920487,0.797317315693036,-2.69522498371553,0.00703411179171569,0.11112075252584
"UHM40.35754__k141_54004_1",447.340540794324,-2.28790806329376,0.830670269235734,-2.7542915017276,0.00588193538181515,0.0964728716268064
"UHM125.35769__k141_271660_2",404.713562094378,-2.13818324137397,1.26371946864987,-1.69197618175366,0.0906505150857624,0.690948977074155
"UHM38.35752__k141_150917_1",255.112260004508,-2.08138788432748,0.641506874105683,-3.24452935477755,0.00117644890866077,0.0243360311136601
"UHM18.10827__k141_10235_2",697.752038709654,-2.25831216078406,1.31634697849679,-1.71559034029383,0.0862370477350205,0.674884747644809
"UHM20.35744__k141_111847_1",221.186720962272,-2.08388548223877,1.26660268055493,-1.64525585981373,0.0999170583552881,0.722476008822058
"UHM20.35744__k141_144681_1",424.153946947402,-2.52622152290607,0.781213766897461,-3.23371352368609,0.00122191956695234,0.0251984189106837
"UHM31.35749__k141_156899_116",382.223117548265,-2.02630580149672,0.854163360727134,-2.37226963208977,0.0176791839022533,0.238827497115845
"UHM44.10837__k141_44393_1",537.216914314698,-2.00408422990474,1.29563067175295,-1.54680208920438,0.121910976292266,0.759513185978018
"UHM125.35769__k141_236493_2",243.509804291327,-2.09067044110462,1.18164782318746,-1.76928387636268,0.0768465127926504,0.633800832327273
"UHM125.35770__k141_202982_176",1033.36322356106,-4.05666193531302,1.2053314665785,-3.36559863224049,0.000763777554783914,0.016213756653662
"UHM40.35754__k141_54958_14",276.546287697259,-2.39758185558665,0.899539808726976,-2.66534269225916,0.00769099044642167,0.119407450778647
"UHM145.35773__k141_171720_5",538.908210317303,-2.2989172423156,1.28558687564628,-1.78822395115064,0.0737398835777768,0.618619964468241
"UHM31.35749__k141_62387_5",287.249916363171,-2.10686526657244,0.955929582120228,-2.20399630472724,0.0275246039654219,0.327816746678086
